publishers,vol,category,author,book_name,,,
دار الكتب العلمية ,3,التصوف, أحمد السرهندي ,المكتوبات الربانية ,,,
دار الكتب العلمية,1,التصوف, أحمد بن عطاء الله السكندري,التنوير في إسقاط التدبير,,,
المركز العربي ,1,التصوف, أحمد زروق الفاسي,تأسيس القواعد والأصول وتحصيل الفوائد لذوي الوصول = قواعد التصوف وشواهد التعرف,,,
دار ابن حزم,1,التصوف, أحمد زروق الفاسي,أرجوزة أحمد زروق في عيوب النفس (مع الأنس في شرح عيوب النفس),,,
دار الإحسان,1,التصوف, أحمد زروق الفاسي,اللوائح الفاسية  في شرح المباحث الأصلية على جملة الطريقة الصوفية,,,
دار الضياء,1,التصوف, أحمد زروق الفاسي,قواعد التصوف وشواهد التعرف,,,
دار الكتب العلمية,1,التصوف, ابن البنا السرقسطي,المباحث الأصلية (مع الفتوحات الإلهية ),,,
مركز أهل السنة بركات رضا,1,التصوف, ابن حجر الهيتمي,الدر المنضود في الصلاة والسلام على صاحب المقام المحمود,,,
دار جوامع الكلم,1,التصوف, ابن حجر الهيتمي,الجوهر المنظم في زيارة القبر الشريف النبوي المكرم,,,
دار الكتب العلمية,1,التصوف, ابن عجيبة,الفتوحات الإلهية في شرح المباحث الأصلية,,,
دار الكتب العلمية,1,التصوف, ابن عجيبة,اللطائف الإيمانية الملكوتية والحقائق الإحسانية الجبروتية في رسائل العارف بالله الشيخ أحمد ابن عجيبة الحسني,,,
دار الكتب العلمية,1,التصوف, السيوطي,العرف الوردي في أخبار المهدي,,,
دارة الكرز,1,التصوف, الشعراني,الدرر واللمع في بيان الصدق في الزهد والورع,,,
دار الكتب العلمية,1,التصوف, الشعراني,الفتح المبين في جملة من أسرار الدين أو أسرار أركان الإسلام ,,,
مكتبة الثقافة الدينية ,1,التصوف, الشعراني,البحر المورود في المواثيق والعهود,,,
كتاب ناشرون,1,التصوف, الشعراني,الجواهر والدرر الكبرى,,,
دار جوامع الكلم,1,التصوف, الشعراني,الجوهر المصون فيما تنتجه الخلوة من الأسرار والعلوم,,,
دار التقوى ,1,التصوف, الشعراني,القواعد الكشفية الموضحة لمعاني الصفات الإلهية,,,
دار المعارف ,1,التصوف, الشعراني,الكوكب الشاهق في الفرق بين المريد الصادق وغير الصادق,,,
دار الكتب العلمية ,1,التصوف, الشعراني,الكوكب الشاهق في الفرق بين المريد الصادق وغير الصادق,,,
دار الكتب العلمية,1,التصوف, الشعراني,المنن الوسطى ,,,
دار الكتب العلمية,1,التصوف, الشعراني,الميزان الخضرية,,,
الدار الجودية,1,التصوف, الشعراني,الميزان الذرية المبينة لعقائد الفرق العلية,,,
دار الكتب العلمية,1,التصوف, الغزالي,الحكمة في مخلوقات الله عز وجل  (مع مجموعة رسائل الإمام الغزالي),,,
دار الكتب العلمية,1,التصوف, الغزالي,الدرة الفاخرة في كشف علوم الآخرة (مع مجموعة رسائل الإمام الغزالي),,,
دار الكتب العلمية,1,التصوف, الغزالي,الرسالة اللدنية  (مع مجموعة رسائل الإمام الغزالي),,,
دار الكتب العلمية,1,التصوف, الغزالي,الرسالة الوعظية  (مع مجموعة رسائل الإمام الغزالي),,,
دار الكتب العلمية,1,التصوف, الغزالي,القسطاس المستقيم   (مع مجموعة رسائل الإمام الغزالي),,,
دار الكتب العلمية,1,التصوف, الغزالي,القواعد العشرة  (مع مجموعة رسائل الإمام الغزالي),,,
دار الكتب العلمية,1,التصوف, الغزالي,المضنون به على غير أهله  (مع مجموعة رسائل الإمام الغزالي),,,
دار الكتب العلمية,1,التصوف, الغزالي,المقصد الأسنى في شرح أسماء الله الحسنى,,,
دار الكتب العلمية,1,التصوف, الغزالي,المواعظ في الأحاديث القدسية (مع مجموعة رسائل الإمام الغزالي),,,
دار الكتب العلمية,1,التصوف, الغزالي,بداية الهداية  (مع مجموعة رسائل الإمام الغزالي),,,
دار التقوى,1,التصوف, عبد الكريم القشيري,آداب الصوفية,,,
مؤسسة الكتب الثقافية,1,التصوف, عبد الكريم القشيري,الرسالة القشيرية,,,
دار الكتب العلمية,1,التصوف, عبد الكريم القشيري,شرح القشيري لأسماء الله الحسنى,,,
دار المنهاج,1,التصوف, عبد الله اليافعي,الإرشاد والتطريز,,,
دار الكتب العلمية ,1,التصوف, محمد المكي,السيف الرباني في عنق المعترض على الغوث الجيلاني (مع سر الأسرار),,,
دار الكتب العلمية,1,التصوف,أبو الحسن علي الأبياري,الورع  (مع تاج العروس الحاوي لتهذيب النفوس),,,
دار الكتب العلمية,1,التصوف,أبو الحسن علي الغماري,بيان فضل خيار الناس والكشف عن مكر الوسواس (مع ترتيب السلوك ),,,
كتاب ناشرون ,1,التصوف,أبو الخير السويدي,كشف الحجب المسبلة على فرائد التحفة المرسلة (مع شروح التحفة المرسلة),,,
دار الكتب العلمية,1,التصوف,أبو الطيب إبراهيم المواهبي الشاذلي الأقصرائي,إحكام الحكم في شرح الحكم العطائية,,,
دار الكتب العلمية,1,التصوف,أبو الليث السمرقندي,قرة العيون ومفرح القلب المحزون مع بستان العارفين,,,
كتاب ناشرون,1,التصوف,أبو الهدى الصيادي,العناية الربانية في ملخص الطريقة الرفاعية ,,,
بدون عنوان,1,التصوف,أبو الهدى الصيادي,القواعد المرعية في أصول الطريقة الرفاعية,,,
دار البيروتي,1,التصوف,أبو الهدى الصيادي,قلائد الزبرجد على حكم مولانا الغوث الشريف الرفاعي أحمد,,,
دار الكتب العلمية,1,التصوف,أبو الهدى الصيادي ,الكليات الأحمدية المؤلفة من كلمات الإمام الرفاعي غوث البرية,,,
دار السلام,1,التصوف,أبو بكر جابر الجزائري,منهاج المسلم,,,
دار الكتب العلمية,1,التصوف,أبو جعفر الخلدي,الفوائد في الزهد (مع كتاب الزهد لوقيع),,,
دار الكتب العلمية,1,التصوف,أبو داود السجستاني,كتاب الزهد (مع كتاب الزهد لوقيع),,,
دار النبيلة,1,التصوف,أبو زرعة أحمد العراقي,شرح الصدر بذكر ليلة القدر,,,
دار الكتب العلمية,1,التصوف,أبو زيد عبد الرحمن العياشي المالكي,الأنوار السنية شرح الوظيفة الزروقية,,,
مكتبة سيدا,1,التصوف,أبو سعيد الخادمي,شرح أيها الولد,,,
دار الفكر,1,التصوف,أبو طالب المكي,قوت القلوب في معاملة المحبوب,,,
دار ابن حزم,1,التصوف,أبو عبد الله محمد الخروبي,الأنس في شرح عيوب النفس ,,,
دار الكتب العلمية,1,التصوف,أبو عمرو الداني,السنن الواردة في الفتن وغوائلها والساعة وأشراطها,,,
مجمع المركز للبحوث الاسلامية,3,التصوف,أبوبكر أحمد المليباري,الإمداد بشرح راتب الحداد,,,
مجمع المركز للبحوث الاسلامية,1,التصوف,أبوبكر أحمد المليباري,طريقة التصوف بين الأصيل والدخيل,,,
مكتبة كابتل,1,التصوف,أبوبكر أحمد المليباري,يا بني,,,
كتاب ناشرون,1,التصوف,أبوبكر البناني,الفتوحات الغيبية في حل ألفاظ الصلاة المشيشية (مع اللمعات الصوفية),,,
كتاب ناشرون,1,التصوف,أبوبكر البناني,بلوغ الأمنية في شرح حديث إنما الأعمال بالنيات (مع اللمعات الصوفية),,,
كتاب ناشرون,1,التصوف,أبوبكر البناني,شرح أبيات تطهر بماء الغيب (مع اللمعات الصوفية),,,
كتاب ناشرون,1,التصوف,أبوبكر البناني,اللمعات الصوفية في كشف بعض الأسرار النورانية,,,
كتاب ناشرون,1,التصوف,أبوبكر العيدروس,النجم الساعي في مناقب القطب الكبير الرفاعي  (الأسرار الإلهية),,,
مكتبة الإرشاد,1,التصوف,أبي محمد الويلتوري,تنوير المسرات بشرح دلائل الخيرات,,,
مكتبة البدرية كوتكل,1,التصوف,أبي محمد الويلتوري,تنوير المسرات بشرح دلائل الخيرات,,,
مكتبة الإرشاد,1,التصوف,أبي محمد الويلتوري,سلالم آل الظفر في التوسل بأهل النصر (مع تنوير المسرات ),,,
أبناء مولوي محمد بن غلام,1,التصوف,أحمد الديربي,مجربات الديربي الكبير= فتح الملك المجيد المؤلف لنفع العبيد,,,
دار الكتب العلمية,1,التصوف,أحمد الشرنوبي,تائية السلوك إلى ملك الملوك,,,
دار الكتب العلمية,1,التصوف,أحمد القسطلاني,مسالك الحنفا إلى مشارع الصلاة على المصطفى ﷺ,,,
دار الكتب العلمية,1,التصوف,أحمد القليوبي,نوادر القليوبي ,,,
دار إحياء الكتب العربية,1,التصوف,أحمد بن ادريس,روح السنة وروح النفوس المطمئنة (مع مختصر تذكرة القرطبي),,,
المطبعة الأزهرية,1,التصوف,أحمد بن المبارك المالكي,الإبريز من كلام سيدي عبد العزيز,,,
دار الكتب العلمية,1,التصوف,أحمد بن المبارك المالكي,الإبريز من كلام سيدي عبد العزيز,,,
دار المنهاج,1,التصوف,أحمد بن زيني دحلان,تقريب الأصول لتسهيل الوصول لمعرفة الرب سبحانه وتعالى والرسول,,,
دار الفكر,2,التصوف,أحمد بن زيني دحلان,سراج الطالبين شرح منهاج العابدين,,,
دار الكتب العلمية,1,التصوف,أحمد بن عطاء الله السكندري,ترتيب السلوك ,,,
دار الكتب العلمية,,التصوف,أحمد بن عطاء الله السكندري,مفتاح الفلاح ومصباح الأرواح في ذكر الله الكريم الفتاح,,,
دار الكتب العلمية,1,التصوف,أحمد بن عطاء الله السكندري,رسالة في أدب العلم  (مع ترتيب السلوك ),,,
دار الكتب العلمية,1,التصوف,أحمد بن عطاء الله السكندري,تاج العروس الحاوي لتهذيب النفوس,,,
دار التقوى,1,التصوف,أحمد بن عطاء الله السكندري,تاج العروس الحاوي لتهذيب النفوس ,,,
المكتبة العلمية الفلكية,1,التصوف,أحمد بن علي البوني ,شمس المعارف الكبرى = شمس المعارف ولطائف العوارف,,,
مطبعة الأمنية الرباط,1,التصوف,أحمد بن مبارك السجلسماسي,رسالة متعلقة بكلام ابن عربي الحاتمي وما ذكره في إيمان فرعون,,,
دار الرسالة داغستان,1,التصوف,أحمد بن محمد مفتي داغستان,رياض أخلاق الصالين ,,,
دار الكتب العلمية,1,التصوف,أحمد زروق الفاسي,سفينة النجا لمن التجا = الوظيفة الزروقية (مع الأنوار السنية),,,
وقفية الأمير غازي ,1,التصوف,أحمد عزالدين الفاروثي,إرشاد المسلمين لطريقة شيخ المتقين,,,
كتاب ناشرون,1,التصوف,أرسلان الدمشقي,التحفة المرسلة في الوحدة والتوحيد مع شروح التحفة المرسلة,,,
دار الكتب العلمية,1,التصوف,إبراهم أفندي الراوي,السير والمساعي في أحزاب وأوراد الغوث الكبير الرفاعي  (مع البرهان المؤيد),,,
دار الكتاب العلمية ,1,التصوف,إسماعيل الرشيدي,الهدية الرشيدية في الإجتماع بسيد البرية والتوجه إلى النفس القدسية (مع تنوير الحلك),,,
دار النور القادرية ,1,التصوف,إسماعيل القادري الكيلاني,الفيوضات الربانية في المآثر والأوراد القادرية,,,
مركز رواسخ,1,التصوف,إعداد : مركز رواسخ,الشذود الجنسي خطيئة العصر,,,
دار الكتب العلمية,1,التصوف,ابن أبي العز الحنفي,رسالة في الصلاة مع تلخيص تسهيل المقاصد لزوار المساجد,,,
دار الغد الجديد,1,التصوف,ابن الجوزي,صيد الخاطر,,,
دار الفكر,1,التصوف,ابن الجوزي,تلبيس إبليس,,,
مكتبة الفجر,1,التصوف,ابن العربي,الوصايا,,,
دار الكتب العلمية,2,التصوف,ابن برجان,شرح أسماء الله الحسنى,,,
مكتبة القرآن,1,التصوف,ابن حجر الهيتمي,القول المختصر في علامات المهدي المنتظر,,,
دار الفكر,2,التصوف,ابن حجر الهيتمي,الزواجر عن اقتراف الكبائر,,,
دار الكتب العلمية,1,التصوف,ابن حجر الهيتمي,تحفة الزوار إلى قبر النبي المختار ﷺ,,,
مركز الجيلاني,1,التصوف,ابن حجر الهيتمي,كتاب التعرف في الأصلين والتصوف  (كتاب التلطف ),,,
المكتب الإسلامي,1,التصوف,ابن رجب الحنبلي,لطائف المعارف فيما لمواسم العام من الوظائف,,,
دار الكتب العلمية,1,التصوف,ابن رجب الحنبلي,التخويف من النار والتعريف بحال دار البوار,,,
مكتبة التوفيقية,1,التصوف,ابن زكري الفاسي,شرح قواعد التصوف (للزروق),,,
دار الكتب العلمية,1,التصوف,ابن عجيبة,الجواهر العجيبة من تآليف سيدي أحمد بن عجيبة,,,
دار الكتب العلمية,1,التصوف,ابن عجيبة,اللواقح القدسية في شرح الوظيفة الزروقية  (مع الجواهر العجيبة),,,
دار الكتب العلمية,1,التصوف,ابن عجيبة,شرح الأبيات الثلاثة للجنيد (مع اللطائف الإيمانية الملكوتية),,,
دار الكتب العلمية,1,التصوف,ابن عجيبة,فضائل نور سيّد المرسلين  وذكر أطواره في الكونين (الجواهر العجيبة),,,
الدار البيضاء,1,التصوف,ابن عجيبة,كشف النقاب عن سر لب الألباب (مع معراج التشوف),,,
دار الكتب العلمية,1,التصوف,ابن عجيبة,منازل السائرين والواصلين وأسرار علم الحقيقة ودوائر الحضرة وأصناف الأولياء البررة (الجواهر العجيبة),,,
دار الكتب العلمية,1,التصوف,ابن عجيبة,سلك الدرر في ذكر القضاء والقدر  (مع اللطائف الإيمانية الملكوتية),,,
دار الكتب العلمية,1,التصوف,ابن عجيبة,شجرة اليقين فيما يتعلق بكون ربّ العالمين  (الجواهر العجيبة),,,
دار الكتب العلمية,1,التصوف,ابن عجيبة,شرح بعض مقتطفات الششتري  (مع اللطائف الإيمانية الملكوتية),,,
دار الكتب العلمية,1,التصوف,ابن عجيبة,شرح تائية سيدي محمد البوزيري,,,
دار الكتب العلمية,1,التصوف,ابن عجيبة,شرح خمرية ابن الفارض  (مع اللطائف الإيمانية الملكوتية),,,
دار الكتب العلمية,1,التصوف,ابن عجيبة,شرح رائية  سيدي محمد البوزيري,,,
دار الكتب العلمية,1,التصوف,ابن عجيبة,شرح صلاة الشيخ الأكبر ابن عربي  (مع اللطائف الإيمانية الملكوتية),,,
دار الكتب العلمية,1,التصوف,ابن عجيبة,شرح صلاة القطب ابن مشيش  (مع اللطائف الإيمانية الملكوتية),,,
دار الكتب العلمية,1,التصوف,ابن عجيبة,شرح قصيدة يامن تعاظم لإمام الرفاعي  (مع اللطائف الإيمانية الملكوتية),,,
دار الكتب العلمية,1,التصوف,ابن عجيبة,شرح نونية الإمام الششتري  (مع اللطائف الإيمانية الملكوتية),,,
دار الكتب العلمية,1,التصوف,ابن عجيبة,كشف النقاب عن سرّ لبّ الألباب (الجواهر العجيبة),,,
الدار البيروت,1,التصوف,ابن عجيبة,معراج التشوف إلى حقائق التصوف,,,
الدار البيضاء,1,التصوف,ابن عجيبة,معراج التشوف إلى حقائق التصوف,,,
دار الكتب العلمية,1,التصوف,ابن عجيبة,معراج التشوف إلى حقائق التصوف  (مع اللطائف الإيمانية الملكوتية),,,
دار الكتب العلمية,1,التصوف,ابن عجيبة,نبذة عن مناقب الزهاد السبعة (الجواهر العجيبة),,,
دار الكتب العلمية,1,التصوف,ابن عربي,العقد المنظوم فيما تحويه الحروف من الخواص والعلوم (مع المبادي والغايات),,,
مؤسسة ابن العربي,1,التصوف,ابن عربي,الغايات فيما ورد من الغيب في تفسير بعض الآيات (مع إشارات القرآن),,,
دار الكتب العلمية,2,التصوف,ابن عابدين,إجابة الغوث ببيان حال النقباء والنجباء والأبدال والأوتاد والغوث(مع مجموعة رسائل ابن عابدين ج٢),,,
دار الكتب العلمية,2,التصوف,ابن عابدين,سل الحسام الهندي لنصرة مولانا خالد النقشبندي (مع مجموعة رسائل ابن عابدين ج٢),,,
بدون عنوان,1,التصوف,ابن عربي,المبشرات المنامية (مع سواد العينين),,,
مؤسسة ابن العربي,1,التصوف,ابن عربي,المقصد الأسمى في الإشارات فيما وقع في القرآن بلسان الحقيقة والشريعة من الكنايات (مع الأجوبة اللائقة),,,
مؤسسة ابن العربي,1,التصوف,ابن عربي,المقنع في السهل الممتنع (مع الأجوبة اللائقة),,,
مؤسسة ابن العربي,1,التصوف,ابن عربي,بلغة الغواص في الأكوان إلى معدن الإخلاص في معرفة الإنسان,,,
مؤسسة ابن العربي,1,التصوف,ابن عربي,تحفة السفرة الى حضرة البررة,,,
مؤسسة ابن العربي,1,التصوف,ابن عربي,رسالة الفتوحات المدنية (مع تلقيح الأذهان),,,
مؤسسة ابن العربي,1,التصوف,ابن عربي,رسالة في كيفية السلوك - الأنوار فيما يمنح صاحب الخلوة من الأسرار (مع خمس رسائل في السلوك),,,
دار الكتب العلمية,1,التصوف,ابن عربي,رسالة إلى الإمام الرازي (مع رسائل ابن عربي),,,
دار الكتب العلمية,1,التصوف,ابن عربي,رسالة الأنوار (مع رسائل ابن عربي),,,
دار الكتب العلمية,1,التصوف,ابن عربي,رسالة الانتصار (مع رسائل ابن عربي),,,
دار الكتب العلمية,1,التصوف,ابن عربي,رسالة القسم الإلهي (مع رسائل ابن عربي),,,
دار الكتب العلمية,1,التصوف,ابن عربي,رسالة لا يعول عليه (مع رسائل ابن عربي),,,
دار الحسين الإسلامية,1,التصوف,ابن عربي,شطرنج العارفين (مع شرحه أنيس الخائفين),,,
دار الكتب العلمية,1,التصوف,ابن عربي,كتاب أيام الشأن (مع رسائل ابن عربي),,,
دار الكتب العلمية,1,التصوف,ابن عربي,كتاب اصطلاح الصوفية (مع رسائل ابن عربي),,,
دار الكتب العلمية,1,التصوف,ابن عربي,كتاب الأزل (مع رسائل ابن عربي),,,
دار الكتب العلمية,1,التصوف,ابن عربي,كتاب الألف وهو كتاب الأحدية (مع رسائل ابن عربي),,,
دار الكتب العلمية,1,التصوف,ابن عربي,كتاب الإسرا إلى مقام الأسرى (مع رسائل ابن عربي),,,
دار الكتب العلمية,1,التصوف,ابن عربي,كتاب الإسفار عن نتائج الأسفار (مع رسائل ابن عربي),,,
دار الكتب العلمية,1,التصوف,ابن عربي,كتاب الإعلام بإشارات أهل الإسلام (مع رسائل ابن عربي),,,
دار الكتب العلمية,1,التصوف,ابن عربي,كتاب التجليات (مع رسائل ابن عربي),,,
دار الكتب العلمية,1,التصوف,ابن عربي,كتاب التراجم (مع رسائل ابن عربي),,,
دار الكتب العلمية,1,التصوف,ابن عربي,كتاب الجلال والجمال (مع رسائل ابن عربي),,,
دار الكتب العلمية,1,التصوف,ابن عربي,كتاب الجلالة وهو كلمة الله (مع رسائل ابن عربي),,,
دار الكتب العلمية,1,التصوف,ابن عربي,كتاب الشاهد (مع رسائل ابن عربي),,,
دار الكتب العلمية,1,التصوف,ابن عربي,كتاب الفناء في المشاهدة (مع رسائل ابن عربي),,,
دار الكتب العلمية,1,التصوف,ابن عربي,كتاب القربة (مع رسائل ابن عربي),,,
دار الكتب العلمية,1,التصوف,ابن عربي,كتاب الكتب (مع رسائل ابن عربي),,,
دار الكتب العلمية,1,التصوف,ابن عربي,كتاب المسائل (مع رسائل ابن عربي),,,
دار الكتب العلمية,1,التصوف,ابن عربي,كتاب الميم والواو والنون (مع رسائل ابن عربي),,,
دار الكتب العلمية,1,التصوف,ابن عربي,كتاب الوصايا (مع رسائل ابن عربي),,,
دار الكتب العلمية,1,التصوف,ابن عربي,كتاب الوصية (مع رسائل ابن عربي),,,
دار الكتب العلمية,1,التصوف,ابن عربي,كتاب الياء وهو كتاب الهو (مع رسائل ابن عربي),,,
دار الكتب العلمية,1,التصوف,ابن عربي,كتاب حلية الأبدال (مع رسائل ابن عربي),,,
دار الكتب العلمية,1,التصوف,ابن عربي,كتاب منزل القطب ومقامه وحاله (مع رسائل ابن عربي),,,
دار الكتب العلمية,1,التصوف,ابن عربي,كتاب نقش الفصوص (مع رسائل ابن عربي),,,
مؤسسة ابن العربي,1,التصوف,ابن عربي,إشارات القرآن في عالم الإنسان,,,
دار الإمام مسلم,1,التصوف,ابن عربي,اصطلاحات الشيخ محي الدين ابن عربي,,,
مؤسسة ابن العربي,1,التصوف,ابن عربي,الأجوبة اللائقة عن الأسئلة الفائقة,,,
مؤسسة ابن العربي,1,التصوف,ابن عربي,الأمر المحكم المربوط فيما يلزم أهل طريق الله من الشروط (مع خمس رسائل في السلوك),,,
القدس للنشر والتوزيع,1,التصوف,ابن عربي,التنزلات الموصلية في أسرار الطهارات والصلوات والأيام الأصلية,,,
مؤسسة ابن العربي,1,التصوف,ابن عربي,الحق في النعوت والأسماء الإلهية (مع الأجوبة اللائقة),,,
مؤسسة ابن العربي,1,التصوف,ابن عربي,الرسالة الموقظة (مع تلقيح الأذهان),,,
مؤسسة ابن العربي,1,التصوف,ابن عربي,العبادلة,,,
دار الفكر,8,التصوف,ابن عربي,الفتوحات المكية,,,
دار الكتب العلمية,1,التصوف,ابن عربي,المبادي والغايات في معاني الحروف والآيات,,,
مؤسسة ابن العربي,1,التصوف,ابن عربي,المبشرات المنامية  (مع تحفة السفرة),,,
القدس للنشر والتوزيع,1,التصوف,ابن عربي,المحجة البيضاء في الأحكام الشرعية والآداب الدينية,,,
مؤسسة ابن العربي,1,التصوف,ابن عربي,الموعظة الحسنة  (مع تحفة السفرة),,,
مؤسسة ابن العربي,1,التصوف,ابن عربي,الميزان في حقيقة الإنسان  (مع تحفة السفرة),,,
مؤسسة ابن العربي,1,التصوف,ابن عربي,تاج الرسائل ومنهاج الوسائل (مع إشارات القرآن),,,
مؤسسة ابن العربي,1,التصوف,ابن عربي,تلقيح الأذهان ومفتاح معرفة الإنسان ,,,
مؤسسة ابن العربي,1,التصوف,ابن عربي,خمس رسائل في السلوك,,,
مؤسسة ابن العربي,1,التصوف,ابن عربي,در الدرر,,,
دار الكتب العلمية,1,التصوف,ابن عربي,رسائل ابن عربي,,,
مؤسسة ابن العربي,1,التصوف,ابن عربي,رسالة الخلوة (مع خمس رسائل في السلوك),,,
مؤسسة ابن العربي,1,التصوف,ابن عربي,رسالة الدعوة إلى طريق العلم  (مع تحفة السفرة),,,
مؤسسة ابن العربي,1,التصوف,ابن عربي,رسالة الموازنة بين الإنسان والعالم (مع تلقيح الأذهان),,,
مؤسسة ابن العربي,1,التصوف,ابن عربي,رسالة معرفة القلب  (مع تحفة السفرة),,,
مؤسسة ابن العربي,1,التصوف,ابن عربي,سفير الإلهام (مع در الدرر),,,
مكتبة عالم الفكر,1,التصوف,ابن عربي,شجرة الكون,,,
دار الكتب العلمية,1,التصوف,ابن عربي,فصوص الحكم,,,
مؤسسة ابن العربي,1,التصوف,ابن عربي,كتاب التجليات ,,,
القدس للنشر والتوزيع,1,التصوف,ابن عربي,كشف المعنى عن سر أسماء الله الحسنى,,,
مؤسسة ابن العربي,1,التصوف,ابن عربي,كنز الحقائق في كشف الدقائق,,,
مؤسسة ابن العربي,1,التصوف,ابن عربي,كنه ما لا بد للمريد منه (مع خمس رسائل في السلوك),,,
مؤسسة ابن العربي,1,التصوف,ابن عربي,كيمياء السعادة لأهل الإرادة (مع در الدرر),,,
مؤسسة ابن العربي,1,التصوف,ابن عربي,ما لا يعوّل عليه (مع خمس رسائل في السلوك),,,
مؤسسة ابن العربي,1,التصوف,ابن عربي,مفاتيح الغيب (مع در الدرر),,,
المكتبة العصرية,1,التصوف,ابن عربي,مواقع النجوم ومطالع أهلة الأسرار والعلوم,,,
مؤسسة ابن العربي,1,التصوف,ابن عربي,نسب الخرقة المباركة  (مع تحفة السفرة),,,
دار الكتاب العلمية ,1,التصوف,ابن علان,إتحاف أهل الإسلام والإيمان بأن المصطفى ﷺ لا يخلو عنه زمان ولا مكان (مع تنوير الحلك),,,
مركز جيلاني,1,التصوف,ابن علان,كتاب التلطف في الوصول إلى التعرف شرح كتاب التعرف في الأصلين والتصوف,,,
دار ابن حزم,3,التصوف,ابن علان الصديقي,الفتوحات الربانية على الأذكار النووية,,,
دار القلم,1,التصوف,ابن قدامة المقدسي,الرقة والبكاء,,,
وزارة الأوقاف قطر,1,التصوف,ابن قيم الجوزية,تحفة المودود بأحكام المولود,,,
وزارة الأوقاف قطر,2,التصوف,ابن قيم الجوزية,إغاثة اللهفان في مصايد الشيطان,,,
وزارة الأوقاف قطر,1,التصوف,ابن قيم الجوزية,الداء والدواء,,,
دار الجيل,1,التصوف,ابن قيم الجوزية,الروح لابن القيم,,,
وزارة الأوقاف قطر,1,التصوف,ابن قيم الجوزية,الفوائد,,,
وزارة الأوقاف قطر,1,التصوف,ابن قيم الجوزية,الوابل الصيب ورافع الكلم الطيب,,,
وزارة الأوقاف قطر,1,التصوف,ابن قيم الجوزية,جلاء الأفهام في فضل الصلاة والسلام على خير الأنام ﷺ,,,
وزارة الأوقاف قطر,2,التصوف,ابن قيم الجوزية,حادي الأرواح إلى بلاد الأفراح,,,
وزارة الأوقاف قطر,2,التصوف,ابن قيم الجوزية,طريق الهجرتين وباب السعادتين,,,
وزارة الأوقاف قطر,1,التصوف,ابن قيم الجوزية,عدة الصابرين وذخيرة الشاكرين,,,
وزارة الأوقاف قطر,1,التصوف,ابن قيم الجوزية,كتاب الصلاة,,,
وزارة الأوقاف قطر,3,التصوف,ابن قيم الجوزية,مفتاح دار السعادة ومنشور ولاية العلم والإرادة,,,
أبناء مولوي محمد بن غلام,1,التصوف,ابن هشام,شرح قصيدة بانت سعاد (مع فتح الصمد العالم),,,
أبناء مولوي محمد بن غلام,1,التصوف,الباجوري,الإسعاد على بانت سعاد  (مع فتح الصمد العالم),,,
وزارة الأوقاف قطر,1,التصوف,البيهقي,كتاب الزهد الكبير,,,
دار الكتب العلمية,1,التصوف,الحسن بن محمد النيسابوري,عقلاء المجانين,,,
دار إحياء الكتب العربية,1,التصوف,السمرقندي,قرة العيون ومفرح القلب المحزون (مع مختصر تذكرة القرطبي),,,
دار ابن حزم,1,التصوف,السمرقندي,تنبيه الغافلين,,,
أبناء مولوي محمد بن غلام,4,التصوف,السهروردي,عوارف المعرف (مع إحياء علوم الدين ),,,
دار الكتب العلمية,1,التصوف,السيد البكري,كفاية الأتقياء ومنهاج الأصفياء شرح هداية الأذكياء إلى طريق الأولياء,,,
المكتبة العلمية الفلكية,1,التصوف,السيد عبد القادر الحسيني الأدهمي,رسالة ميزان العدل في مقاصد أحكام الرمل مع شمس المعارف الكبرى,,,
المكتبة العلمية الفلكية,1,التصوف,السيد عبد القادر الحسيني الأدهمي,رسالة زهر المروج في دلائل الالبوج مع شمس المعارف الكبرى,,,
المكتبة العلمية الفلكية,1,التصوف,السيد عبد القادر الحسيني الأدهمي,رسالة فواتح الرغائب في خصوصيات أوقات الكواكب مع شمس المعارف الكبرى,,,
المكتبة العلمية الفلكية,1,التصوف,السيد عبد القادر الحسيني الأدهمي,رسالة لطائف الإشارة في خصائص الكواكب السيارة مع شمس المعارف الكبرى,,,
دار الكتاب العلمية ,1,التصوف,السيوطي,تنوير الحلك في إمكان رؤية النبي والملك,,,
دار الكتب العلمية,1,التصوف,السيوطي,تأييد الحقيقة العلية وتيسير الطريقة الشاذلية,,,
دار الكتب العلمية,1,التصوف,السيوطي,شرح الصدور بشرح حال الموتى والقبور,,,
المعهد العلم الفرنسي للآثار الشرقية بالقاهرة,1,التصوف,الشعراني,إرشاد المغفلين من الفقهاء والفقراء إلى شروط صحبة الأمراء,,,
المطبعة الأزهرية,1,التصوف,الشعراني,درر الغواص على فتاوى سيدي علي الخواص (مع الإبريز),,,
دار جوامع الكلم,حبتان,التصوف,الشعراني,ردع الفقرا عن دعوى الولاية الكبرى,,,
المعهد العلم الفرنسي للآثار الشرقية بالقاهرة,1,التصوف,الشعراني,مختصر إرشاد المغفلين من الفقهاء والفقراء إلى شروط صحبة الأمراء (مع إرشاد المغفلين),,,
دار إحياء الكتب العربية,1,التصوف,الشعراني,مختصر تذكرة القرطبي,,,
دار الكتب العلمية,1,التصوف,الشعراني,إرشاد الطالبين إلى مراتب العلماء العاملين,,,
دار البيروتي,1,التصوف,الشعراني,الأجوبة المرضية عن أئمة الفقهاء والصوفية,,,
دار التراث العربي,3,التصوف,الشعراني,الأخلاق المتبولية,,,
دار الكتب العلمية,1,التصوف,الشعراني,الأنوار القدسية في معرفة قواعد الصوفية,,,
مكتبة أبي أيوب الأنصاري,1,التصوف,الشعراني,الأنوار في آداب الصحبة عند الأخيار,,,
دار الكتب العلمية,1,التصوف,الشعراني,الكبريت الأحمر في بيان علوم الشيخ الأكبر,,,
دار الكتب العلمية,1,التصوف,الشعراني,المنح السنية على الوصية المتبولية مع موازين القاصرين,,,
دار الإحسان,2,التصوف,الشعراني,المنهج المطهر للجسم والفؤاد من سوء الظن بأحد من العباد,,,
دار الكتب العلمية,1,التصوف,الشعراني,اليواقيت والجواهر في بيان عقائد الأكابر,,,
دارة الكرز,1,التصوف,الشعراني,تطهير أهل الزوايا من خبائث الطوايا,,,
المكتبة التوفيقية,1,التصوف,الشعراني,تنبيه المغترين أواخر القرن العاشر على ما خالفو فيه سلفهم الطاهر,,,
مطبعة الحجازي بالقاهرة,1,التصوف,الشعراني,كشف الحجاب والران عن وجه أسئلة الجان,,,
دار الكتب العلمية,1,التصوف,الشعراني,كشف الغمة عن جميع الأمة,,,
دار التقوى,2,التصوف,الشعراني,لطائف المنن والأخلاق = المنن الكبرى,,,
دار القلم العربي ,1,التصوف,الشعراني,لواقح الأنوار القدسية في بيان العهود المحمدية,,,
دار التقوى,2,التصوف,الشعراني,لواقح الأنوار القدسية في بيان العهود المحمدية,,,
دار الفتح ,1,التصوف,الشعراني,مختصر قواعد الزركشي,,,
دار الكتاب النفيس,1,التصوف,الشعراني,منح المنة في التلبس بالسنة,,,
دار الكتب العلمية,1,التصوف,الشعراني,موازين القاصرين من شيوخ ومريدين,,,
كتاب ناشرون,1,التصوف,الشعراني,ميزان العقائد الشعرانية المشيدة بالكتاب والسنة المحمدية,,,
دار الكتب العلمية,1,التصوف,الغزالي,المنقذ من الضلال (مع مجموعة رسائل الإمام الغزالي),,,
دار الكتب العلمية,1,التصوف,الغزالي,فيصل التفرقة (مع مجموعة رسائل الإمام الغزالي),,,
كتب خانه مجلس العرفان,1,التصوف,الغزالي,معارف النفوس (مكذوب نسبته),,,
أبناء مولوي محمد بن غلام,4,التصوف,الغزالي,الإملاء عن إشكلات الإحياء (مع إحياء علوم الدين ),,,
دار الكتب العلمية,1,التصوف,الغزالي,أيها الولد (مع مجموعة رسائل الإمام الغزالي),,,
أبناء مولوي محمد بن غلام,4,التصوف,الغزالي,إحياء علوم الدين ,,,
دار الكتب العلمية,1,التصوف,الغزالي,الأجوبة الغزالية في المسائل الأخروية (مع مجموعة رسائل الإمام الغزالي),,,
دار الكتب العلمية,1,التصوف,الغزالي,الأدب في الدين  (مع مجموعة رسائل الإمام الغزالي),,,
دار الكتب العلمية,1,التصوف,الغزالي,الكشف والتبيين في عروة الخلق أجمعين  (مع مجموعة رسائل الإمام الغزالي),,,
دار الكتب العلمية,1,التصوف,الغزالي,خلاصة التصانيف في التصوف  (مع مجموعة رسائل الإمام الغزالي),,,
دار الكتب العلمية,1,التصوف,الغزالي,رسالة الطير (مع مجموعة رسائل الإمام الغزالي),,,
دار الكتب العلمية,1,التصوف,الغزالي,روضة الطالبين وعمدة السالكين  (مع مجموعة رسائل الإمام الغزالي),,,
دار الكتب العلمية,1,التصوف,الغزالي,سر العالمين وكشف ما في الدارين  (مع مجموعة رسائل الإمام الغزالي),,,
دار الكتب العلمية,2,التصوف,الغزالي,سلوة العارفين,,,
دار الكتب العلمية,1,التصوف,الغزالي,قانون التأويل  (مع مجموعة رسائل الإمام الغزالي),,,
دار الكتب العلمية,1,التصوف,الغزالي,كيمياء السعادة  (مع مجموعة رسائل الإمام الغزالي),,,
دار الكتب العلمية,1,التصوف,الغزالي,مجموعة رسائل الإمام الغزالي,,,
دار الكتب العلمية,1,التصوف,الغزالي,مشكاة الأنوار  (مع مجموعة رسائل الإمام الغزالي),,,
دار الكتب العلمية,1,التصوف,الغزالي,معراج السالكين  (مع مجموعة رسائل الإمام الغزالي),,,
دار الكتب العلمية,1,التصوف,الغزالي,منهاج العارفين  (مع مجموعة رسائل الإمام الغزالي),,,
دار المنهاج ,1,التصوف,الغزالي,ميزان العمل,,,
دار الكتب العلمية,1,التصوف,الغوث الجيلاني,الغنية لطالبي طريق الحق عز وجل,,,
دار الفكر,1,التصوف,الغوث الجيلاني,الفتح الرباني والفيض الرحماني,,,
دار الكتب العلمية ,1,التصوف,الغوث الجيلاني,سر الأسرار ومظهر الأنوار فيما يحتاج إليه الأبرار,,,
أبناء مولوي محمد بن غلام,1,التصوف,الغوث الجيلاني,فتوح الغيب,,,
دار الكتب العلمية ,1,التصوف,الغوث الجيلاني,فتوح الغيب (مع سر الأسرار),,,
أوقاف قطر,2,التصوف,الماوردي,أدب الدين والدنيا,,,
دارالكتب العلمية,1,التصوف,الملا علي القاري,الأدب في رجب (مع مجموعة من رسائل الملا علي القاري),,,
دارالكتب العلمية,1,التصوف,الملا علي القاري,التبيان في بيان ما في ليلة النصف من شعبان وليلة القدر من رمضان (مع مجموعة من رسائل الملا علي القاري),,,
دار الكتب العلمية,1,التصوف,الملا علي القاري,الدرة المضية في الزيارة المصطفوية الرضية,,,
دارالكتب العلمية,1,التصوف,الملا علي القاري,الدرة المضية في الزيارة المصطفوية الرضية (مع مجموعة من رسائل الملا علي القاري),,,
دارالكتب العلمية,1,التصوف,الملا علي القاري,الذخيرة الكثيرة في رجاء مغفرة الكبيرة (مع مجموعة من رسائل الملا علي القاري),,,
دارالكتب العلمية,1,التصوف,الملا علي القاري,الفصول المهمة في حصول المتمة (مع مجموعة من رسائل الملا علي القاري),,,
دارالكتب العلمية,1,التصوف,الملا علي القاري,الفضل المعول في الصف الأول (مع مجموعة من رسائل الملا علي القاري),,,
دارالكتب العلمية,1,التصوف,الملا علي القاري,تبعيد العلماء عن تقريب الأمراء (مع مجموعة من رسائل الملا علي القاري),,,
دارالكتب العلمية,1,التصوف,الملا علي القاري,تسلية الأعمى عن بلية العمى (مع مجموعة من رسائل الملا علي القاري),,,
دارالكتب العلمية,1,التصوف,الملا علي القاري,تطهير الطوية بتحسين النية (مع مجموعة من رسائل الملا علي القاري),,,
كتاب ناشرون,1,التصوف,الملا علي القاري,شرح الملا علي القاري على آداب المريدن,,,
دارالكتب العلمية,1,التصوف,الملا علي القاري,لسان الاهتداء في بيان الاقتداء (مع مجموعة من رسائل الملا علي القاري),,,
دارالكتب العلمية,1,التصوف,الملا علي القاري,مجموعة من رسائل الملا علي القاري ,,,
دارالكتب العلمية,1,التصوف,الملا علي القاري,معرفة النساك في معرفة السواك (مع مجموعة من رسائل الملا علي القاري),,,
أبناء مولوي محمد بن غلام,1,التصوف,النووي,الأذكار المنتخبة من كلام سيد الأبرار ﷺ,,,
دار الكتب العلمية,1,التصوف,النووي,بستان العارفين,,,
وزارة الأوقاف قطر,1,التصوف,بدر الدين بن جماعة,تذكرة السامع والمتكلم في أدب العالم والمتعلم,,,
دار البشائر,1,التصوف,بدرالدين ابن جماعة,تذكرة السامع والمتكلم في أدب العالم والمتعلم,,,
دار الكتب العلمية,1,التصوف,برهان الدين ابن أبي شريف المقدسي,مسألة الساكت مع تلخيص تسهيل المقاصد لزوار المساجد,,,
مكبتة كابتل,1,التصوف,برهان الدين الزرنوجي,تعليم المتعلّم طريقة التعلّم,,,
هيئة همة السنّة للطلبة,1,التصوف,برهان الدين الزرنوجي,تعليم المتعلّم طريقة التعلّم,,,
دار الصادر,المجلد الثالث فقط,التصوف,بهاء الدين محمد الأبشيهي ,المستطرف في كل فن مستظرف,,,
دار الضياء,1,التصوف,تاج الدين السبكي,معيد النعم ومبيد النقم,,,
كتاب ناشرون,1,التصوف,تاج الدين النقشبندي,رسالة طريقة السادة النقشبندية (مع مفتاح المعية ),,,
دار الكتب العلمية,1,التصوف,تقي الدين السبكي,شفاء السقم في زيارة خير الأنام,,,
مكتبة المطيعي,1,التصوف,حسن محمد شداد,كيفية الوصول لرؤية سيدنا الرسول محمد ﷺ,,,
مؤسسة الشيخ الجيلاني,1,التصوف,حسين الأشرفي مناركادي,رأيت رسول الله ﷺ ,,,
دار الكتاب العلمية ,1,التصوف,حسين محمد علي شكري,"نيل الأماني في ذكر طرق وألفاظ حديث النبي ﷺ "" من رآني في المنام فقد رآني""  (مع تنوير الحلك)",,,
دار الفكر ,1,التصوف ,خليل بن شاهين الظاهري,كتاب الإشارات في علم العبارات  (مع تعطير الأنام),,,
الميراث النبوي,1,التصوف,ربيع بن هادي,مرحبا يا طالب العلم,,,
دار الكتب العلمية,1,التصوف,روزبهان البقلي,المصباح في مكاشفة بعث الأرواح,,,
دار الكتب العلمية,1,التصوف,روزبهان البقلي,شرح الحجب والأستار في مقامات أهل الأنوار والأسرار(مع المصباح في مكاشفة بعث الأرواح),,,
دار الكتب العلمية,1,التصوف,روزبهان البقلي,لوامع التوحيد (مع المصباح في مكاشفة بعث الأرواح),,,
دار الكتب العلمية,1,التصوف,روزبهان البقلي,مسالك التوحيد (مع المصباح في مكاشفة بعث الأرواح),,,
كتاب ناشرون ,1,التصوف,زكريا الأنصاري,فتح الرحمن بشرح رسالة الولي أرسلان (مع شروح التحفة المرسلة),,,
أبناء مولوي محمد بن غلام,1,التصوف,زين الدين المخدوم الثاني,إرشاد العباد إلى سبيل الرشاد ,,,
أبناء مولوي محمد بن غلام,1,التصوف,زين الدين المخدوم الثاني,مختصر في أحاديث وآثار ومواعظ تتعلق بالموت وما بعده (مع إرشاد العباد إلى سبيل الرشاد),,,
أبناء مولوي محمد بن غلام,4,التصوف,زين الدين عبد الرحيم العراقي,المغني عن حمل الأسفار في تخريج ما في الإحياء (مع إحياء علوم الدين ),,,
دار الفكر,1,التصوف,زين الدين علي,سراج القلوب وعلاج الذنوب (مع قوت القلوب),,,
دار الفتح,3,التصوف,سالم الشاطري,الفوائد الشاطرية من النفحات الحرمية,,,
المقاصد,1,التصوف,سالم بن حفيظ الحضرمي,منحة الإله في الإتصال ببعض أولياه,,,
شركة دار المشاريع,1,التصوف,سليم علوان,الساعة وأشراطها,,,
(مصورة),1,التصوف,سليمان المدني,الموسوعة الصوفية ,,,
دار الكتب العلمية,2,التصوف,شاه ولي الله الدهلوي,حجة الله البالغة,,,
دار الكتب العلمية,1,التصوف,شرف الدين الهاشمي الواسطي,البرهان المؤيد لصباحب مد اليد الغوث الشريف الرفاعي أحمد,,,
مؤسسة الرسالة الناشرون ,1,التصوف,شمس الدين الذهبي,بيان زغل العلم والطلب مع الفوائد المكية,,,
مؤسسة الرسالة الناشرون ,1,التصوف,شمس الدين الذهبي,وصية الإمام أبي حنيفة مع الفوائد المكية وبيان زغل العلم والطلب مع الفوائد المكية,,,
دار الزمان,1,التصوف,شمس الدين السخاوي,إستجلاب ارتقاء الغرف بحب أقرباء الرسول وذوي الشرف,,,
دار المنهاج,1,التصوف,شهاب الدين أحمد السبكي ,فتح الغفور بشرح منظومة القبور,,,
دار الكتب العلمية,1,التصوف,صدر الدين القونوي,شرح الأسماء الحسنى على مشرب شيخ الأكبر ابن عربي,,,
دار الكتب العلمية,1,التصوف,صدر الدين القونوي,السر الرباني المعروف بالنصوص  ( مع النفحات الإلهية),,,
دار الكتب العلمية,1,التصوف,صدر الدين القونوي,النفحات الإلهية,,,
كتاب ناشرون,1,التصوف,صفي الدين أبي المواهب الشاذلي,شرح الحكم العطائية,,,
دار الكتب العلمية,1,التصوف,عاصم إبراهيم الكيالي,إبعاد الغمم عن إيقاظ الهمم في شرح الحكم,,,
كتاب ناشرون,1,التصوف,عبد الباقي مفتاح,شرح ألفية التصوف من كلام الشيخ الأكبر محي الدين ابن عربي مع ألفية التصوف,,,
دار الآفاق العربية,1,التصوف,عبد الحق بن سبعين المرسي,أنوار النبي ﷺ  أسرارها وأنواعها,,,
دار الكتب العلمية,1,التصوف,عبد الحميد بن باديس,أصول الهداية  (مع تاج العروس الحاوي لتهذيب النفوس),,,
كتاب ناشرون,1,التصوف,عبد الرؤوف المناوي,الدرر الجوهرية في شرح الحكم العطائيّة,,,
دار الإحسان,1,التصوف,عبد الرؤوف المناوي,شرح منازل السائرين,,,
دار الكتب العلمية,1,التصوف,عبد الرحمن الأسيدي ابن الدباغ,مشارق أنوار القلوب ومفاتح أسرار الغيوب,,,
دار الكتب العلمية,1,التصوف,عبد الرحمن الصفوري,نزهة المجالس ومنتخب النفائس,,,
مكتبة السندس,1,التصوف,عبد الرحمن الناصر السعدي,بهجة قلوب الأبرار وقرّة عيون الأخيار في شرح جوامع الأخبار,,,
المركز الإسلامي دار المعارف,1,التصوف,عبد الرحمن باوا المليباري,رزق الأصفياء = شرح هداية الأزكياء ونفائس الدرر وجوهرة التوحيد,,,
المركز الإسلامي دار المعارف,1,التصوف,عبد الرحمن باوا المليباري,الإمداد والإرشاد من سيد الأنام من بعد وفاته في اليقظة والمنام,,,
المركز الإسلامي دار المعارف,1,التصوف,عبد الرحمن باوا المليباري,العمل بالأفضل,,,
المركز الإسلامي دار المعارف,1,التصوف,عبد الرحمن باوا المليباري,تسجيل الشروح في تحشية تعجيل الفتوح ,,,
المركز الإسلامي دار المعارف,1,التصوف,عبد الرحمن باوا المليباري,قصص الصلاة ,,,
الهيئة المصرية العامة للكتاب,1,التصوف,عبد الرزاق القاشانى,اصطلاحات الصوفية,,,
الهيئة المصرية العامة للكتاب,2,التصوف,عبد الرزاق القاشاني,لطائف الإعلام في إشارات أهل الإلهام,,,
دار الكتب العلمية,1,التصوف,عبد الرزاق القاشاني,لطائف الإعلام في إشارات أهل الإلهام,,,
دار العالمية,1,التصوف,عبد العزيز أحمد,رأيت النبي ﷺ مائة قصة من رؤى النبي ﷺ,,,
دار التقوى,5,التصوف,عبد العزيز المهدوي,جوابات الإمام المهدوي عن مسائل في الرسالة القشيرية (مع الدلالة على فوائد الرسالة),,,
كتاب ناشرون,1,التصوف,عبد العزيز بن زين الدين المليباري,مسلك الأتقياء ومنهح الأصفياء في شرح هداية الأذكياء إلى طريق الأولياء,,,
كرسي الإمام الأشعري,1,التصوف,عبد العزيز بن زين الدين المليباري,مسلك الأتقياء ومنهح الأصفياء في شرح هداية الأذكياء إلى طريق الأولياء,,,
مؤسسة ابن العربي,1,التصوف,عبد الغني النابلسي,الرد المتين على منتقص العارف محي الدين,,,
مكتبة الحقيقة إستانبول,1,التصوف,عبد الغني النابلسي,خلاصة التحقيق في بيان حكم التقليد والتلفيق (مع شرح الطريقة المحمدية),,,
مكتبة الحقيقة إستانبول,1,التصوف,عبد الغني النابلسي,شرح الطريقة المحمدية ,,,
دار الآفاق العربية,1,التصوف,عبد الغني النابلسي,كوكب المباني وموكب المعاني بشرح صلوات القطب الجيلاني,,,
كتاب ناشرون,1,التصوف,عبد الغني النابلسي,مفتاح المعية شرح رسالة طريقة السادة النقشبندية,,,
دار الكتب العلمية,5,التصوف,عبد الغني النابلسي,الحديقة الندية شرح الطريقة المحمدية والسيرة الأحمدية,,,
دار الفكر,1,التصوف,عبد الغني النابلسي,تعطير الأنام في تعبير المنام,,,
إحياء التراث العربي,1,التصوف,عبد الغني النابلسي,شرح الصلاة الكبرى,,,
دار الكتب العلمية,1,التصوف,عبد القادر الرافعي,إحياء القلوب شرح حكم الشيخ محمود الكردي الخلوتي,,,
أبناء مولوي محمد بن غلام,4,التصوف,عبد القادر العيدروس باعلوي,تعريف الأحياء بفضائل الإحياء (مع إحياء علوم الدين ),,,
دار الضياء,1,التصوف,عبد القادر الفاكهي,الكفاية شرح بداية الهداية,,,
دار الكتب العلمية,1,التصوف,عبد القاهر السهروردي,آداب المريدين,,,
بدون عنوان,1,التصوف,عبد الكريم الجيلي,الإنسان الكامل في معرفة الأواخر والأوائل,,,
مؤسسة التاريخ العربي,1,التصوف,عبد الكريم الجيلي,الإنسان الكامل في معرفة الأواخر والأوائل,,,
دار الحاوي,1,التصوف,عبد الله الحداد,رسالة المعاونة والمظاهرة والمؤازرة للراغبين من المؤمنين في سلوك طريق الآخرة,,,
دار الكتاب العلمية ,1,التصوف,عبد الله العياشي,تحرير كلام القوم في أمر النبي ﷺ في النوم (مع تنوير الحلك),,,
دار ابن كثير,1,التصوف,عبد المجيد الشرنوبي,شرح الحكم العطائية,,,
دار الكتب العلمية,1,التصوف,عبد المجيد الشرنوبي,شرح تائية السلوك (مع تائية السلوك إلى ملك الملوك),,,
دار التقوى,5,التصوف,عبد المعطي اللخمي,الدلالة على فوائد الرسالة شرح رسالة القشيرية,,,
دار الكتب العلمية,1,التصوف,عثمان الغزي,الساعة وأشراطها,,,
كتاب ناشرون,1,التصوف,علوان علي بن عطية الحموي,شرح الرسلانية ( مع شروح التحفة المرسلة),,,
دار الكتب العلمية,1,التصوف,علي أحمد الطهطاوي,أعجب العجب في بدع شهر رجب,,,
دار الكتب العلمية,1,التصوف,علي الطهطاوي,القول الأسمى في شرح أسماء الله الحسنى,,,
الرسالة العالمية,1,التصوف,علي المنشليلي,أشراط الساعة,,,
دار الكتب العلمية,1,التصوف,علي بن الحسن الواسطي,خلاصة الإكسير في نسب سيدنا الرفاعي الكبير (في مقدمة البرهان المؤيد),,,
كتاب ناشرون ,1,التصوف,علي بن صدقة الدمشقي,نهاية البيان في شرح رسالة أرسلان  (مع شروح التحفة المرسلة),,,
طبع ابن حسن الفيومي,1,التصوف,علي حرازم ابن العربي براده,جواهر المعاني وبلوغ الأماني,,,
المكتبة العصرية,1,التصوف,علي حرازم ابن العربي براده,جواهر المعاني وبلوغ الأماني,,,
دار الفكر,1,التصوف,عماد الدين الأموي,حياة القلوب في كيفية الوصول إلى المحبوب (مع قوت القلوب),,,
طبع ابن حسن الفيومي,1,التصوف,عمر الفوتي,رماح حزب الرحيم على نحو حزب الرجيم,,,
المكتبة العصرية,1,التصوف,عمر الفوتي,رماح حزب الرحيم على نحو حزب الرجيم,,,
دار العاصمة,1,التصوف,فتحي بن فتحي الجندي,مختصر التذكرة في أحوال الموتى وأمور الآخرة للقرطبي,,,
دار الكتب العلمية,1,التصوف,فريد أحمد المزيدي,الطريق إلى الله  (مع تاج العروس الحاوي لتهذيب النفوس),,,
دار الضياء,1,التصوف,فضل بن علوي باعلوي,أساس الإسلام لبيان الأحكام (مع مجموع ثلاث رسائل علمية),,,
دار الضياء,1,التصوف,فضل بن علوي باعلوي,إسعاف الشفيق ببيان حكمة بيع الرقيق (مع مجموع ثلاث رسائل علمية),,,
دار الضياء,1,التصوف,فضل بن علوي باعلوي,عدة الأمراء والحكام لإهانة الكفرة وعبدة الأصنام (مع مجموع ثلاث رسائل علمية),,,
دار الضياء,1,التصوف,فضل بن علوي باعلوي,مجموع ثلاث رسائل علمية,,,
دار الكتب العلمية,1,التصوف,قطب الدين محمد البكري,بشرى العابد بفضل المساجد مع تلخيص تسهيل المقاصد لزوار المساجد,,,
دار الكتب العلمية,1,التصوف,كمال الدين بن ابي شريف,تلخيص تسهيل المقاصد لزوار المساجد,,,
دار الكتب العلمية,1,التصوف,لمجموعة من المصنفين,الإلهامات السنية في شروح الوظيفة الشاذلية,,,
كتاب ناشرون ,1,التصوف,لمجوموعة من المصنفين,شروح التحفة المرسلة في الوحدة والتوحيد,,,
دار الكتب العلمية,1,التصوف,مجد الدين أحمد الغزالي,سر الأسرار في كشف الأنوار (مع مشارق أنوار القلوب),,,
 مكتبة بدرية كوتكل,1,التصوف,مجموعة من المصنف, كتب مجموعة,,,
دار الفتح,2,التصوف,محمد أبي خضير الدمياطي,نهاية الأمل لمن رغب في صحة العقيدة والعمل,,,
دار الكتب العلمية,1,التصوف,محمد أمين الكردي,تنوير القلوب في معاملة علام الغيوب,,,
مكتبة إشاعة الإسلام,1,التصوف,محمد أمين الكردي,تنوير القلوب في معاملة علام الغيوب,,,
إدارة البحوث بحكومة دبي,1,التصوف,محمد إبراهيم سعيد الفارسي,من توفي من العلماء وهو ساجد,,,
دار القلم (مصورة),1,التصوف,محمد البركوي,الطريقة المحمدية والسيرة الأحمدية,,,
الشركة الصحافية العثمانية,1,التصوف,محمد البركوي,الطريقة المحمدية والسيرة الأحمدية,,,
دار الحسين الإسلامية,1,التصوف,محمد التلمساني الدمشقي,أنيس الخائفين وسمير العاكفين في شرح شطرنج العارفين,,,
دار المنهاج,1,التصوف,محمد الحبيشي,نشر طي التعريف في فضل حملة العلم الشريف والرد على ماقتهم السخيف,,,
دار الكتب العلمية,1,التصوف,محمد الحلبي,نور الأنوار وكنز الأبرار في ذكر الصلاة على النبي المختار ﷺ,,,
دار الكتب العلمية,1,التصوف,محمد الخوارزمي,إثارة الترغيب والتشويق إلى تاريخ المساجد الثلاثة والبيت العتيق,,,
دار الضياء,1,التصوف,محمد الداغستاني,البسط التام لما قاله التاج السبكي في حق شيخه الذهبي من المذام مع معيد النعم ومبيد النقم,,,
دار الكتب العلمية,1,التصوف,محمد الرازي الحنفي,حدائق الحقائق في الموعظة والتصوف,,,
دار المنهاج,1,التصوف,محمد السخاوي,القول البديع في الصلاة على الحبيب الشفيع ﷺ,,,
مطبعة الصدق الخيرية,1,التصوف,محمد الطيب السفياني,كتاب الإفادة الأحمدية لمريد السعادة الأبدية,,,
دار الكتب العلمية,1,التصوف,محمد العطار,الجواهر الخمسة ,,,
دار الفكر,1,التصوف,محمد القرطبي,التذكرة في أحوال الموتى وأمور الآخرة,,,
المكتبة العصرية بيروت,1,التصوف,محمد القرطبي,الأسنى في شرح أسماء الله الحسنى وصفاته,,,
دار آية بيروت,24,التصوف,محمد الكسنزان,موسوعة الكسنزان فيما اصطلح عليه أهل التصوف والعرفان,,,
دار الكتب العلمية,1,التصوف,محمد النووي الجاوي,سلالم الفضلاء شرح هداية الأذكياء(مع كفاية الأتقياء),,,
دار الفكر,1,التصوف,محمد بن سيرين,منتخب الكلام في تفسير الأحلام  (مع تعطير الأنام),,,
دار الكتب العلمية,1,التصوف,محمد بن عبد الرحمن النجدي,دواء القلوب المقرب لحضرة علام الغيوب,,,
دار الكتب العلمية,1,التصوف,محمد بن عبد الرسول البرزنجي,الإشاعة لأشراط الساعة,,,
دار الكتب العلمية,1,التصوف,محمد بن عبد الرسول البرزنجي,غاية الإعذار لذوي الأعذار مع تلخيص تسهيل المقاصد لزوار المساجد,,,
دار الكتب العلمية,1,التصوف,محمد بن عبد الكريم الكسنزاني,مبحث العارف والمعرفة  مع بستان العارفين,,,
دار الكتب العلمية,1,التصوف,محمد بن عبد الله الخاني الخالدي النقشبندي,البهجة السنية في آداب الطريقة العلية الخالدية النقشبندية,,,
دار الكتب العلمية,حبتان,التصوف,محمد بن علوي المالكي,شفاء الفؤاد بزيارة خير العباد,,,
أبناء مولوي محمد بن غلام,1,التصوف,محمد بن عليش,القول المنجي على مولد البرزنجي  (مع فتح الصمد العالم),,,
دار الكتب العلمية,1,التصوف,محمد بن محمد المرصفي ,داعي الفلاح إلى سبل النجاح (مع آداب المريدين),,,
دار الكتب العلمية ,1,التصوف,محمد بن يحيى التاذفي,قلائد الجواهر في مناقب تاج الأولياء عبد القادر الجيلاني (مع سر الأسرار),,,
أبناء مولوي محمد بن غلام,1,التصوف,محمد بن يوسف السنوسي,مجربات الإمام السنوسي (مع مجربات الديربي),,,
كتاب ناشرون,1,التصوف,محمد حياة السندي المدني,شرح الحكم الحدّادية,,,
مكتبة البرهان,1,التصوف,محمد سالم برهاني,المواعظ العصرية في الخطب المنبرية,,,
دار الفكرالمعاصر,1,التصوف,محمد سعيد رمضان البوطي,شرح وتحليل الحكم العطائيّة,,,
دار الحديث الكتانية ,1,التصوف,محمد عبد الحي الكتاني,كيف نشأ التصوف في الإسلام,,,
أحسن المطابع مدراس,1,التصوف,محمد مظهر العمري النقشبندي الأحمدي,الدر المنظم في القيام تجاه قبر المكرم,,,
مكتبة إمدادية ملتان,1,التصوف,محمّد موسى الروحاني,فتح العليم بحلّ إشكال التشبيه العظيم في حديث كما صليت على إبراهيم,,,
أبناء مولوي محمد بن غلام,1,التصوف,محمد نووي الجاوي,فتح الصمد العالم على مولد الشيخ أحمد بن قاسم أو البلوغ الفوزي لبيان ألفاظ مولد ابن الجوزي,,,
دار الكتب العلمية,1,التصوف,محمد وفا الكبير,كتاب الأزل يتحدث عن الحقائق الأزلية في شرح تجليات الأسماء الإلهية,,,
دار الكتب العلمية,1,التصوف,محمود أبو الشامات الدمشقي,الإلهامات الإلهية على الوظيفة الشاذلية (مع الإلهامات السنية في شروح الوظيفة الشاذلية),,,
أحسن المطابع مدراس,1,التصوف,محمود المدراسي,السلك المعظم على الدر المنظم,,,
كتاب ناشرون,1,التصوف,محمود شكري الآلوسي,الأسرار الإلهية شرح القصيدة الرفاعية في مدح السيد أحمد الرفاعي,,,
بدون عنوان,1,التصوف,محي الدين الطعمي,معجم من رأى رسول الله ﷺ في النوم واليقظة,,,
دار الكتاب الإسلامي,1,التصوف,مرعي بن يوسف المقدسي,فرائد فوائد الفكر في الإمام المهدي المنتظر,,,
دار ومكتبة الهلال,1,التصوف,مسعود الحبشي,الإنباه على طريق الله من كلام الشيخ ابن عربي,,,
دار الكتب العلمية,1,التصوف,مصطفى أبو ريشة البقاعي,النفحات القدسية العلية بشرح الوظيفة الشاذلية (مع الإلهامات السنية في شروح وظيفة الشاذلية),,,
كتاب ناشرون,1,التصوف,مصطفى البكري,ألفية التصوف,,,
دار الكتب العلمية,1,التصوف,مصطفى البكري,الصلاة البرّيّة في الصلاة على خير البرية (مع الدر الفائق),,,
دار الكتب العلمية,1,التصوف,مصطفى البكري,صادحة الأزل (مع تأييد الحقيقة العلية),,,
دار الكتب العلمية,1,التصوف,مصطفى البكري,مورد العذب لذوي الورود في كشف معنى وحدة الوجود (مع تأييد الحقيقة العلية),,,
دار الكتب العلمية,1,التصوف,مصطفى البكري,الدر الفائق في الصلاة على أشرف الخلائق,,,
دار الكتب العلمية ,1,التصوف,مصطفى البكري ، حسن الخالدي,الوصايا والنصائح الخلوتية (مع الكوكب الشاهق ),,,
كتاب ناشرون,1,التصوف,مصطفى كمال الشريف,التعليقات الكمالية على الرسالة الأرسلانية  (مع شروح التحفة المرسلة),,,
دار الكتب العلمية,1,التصوف,مصطفى نجا البيروتي,كشف الأسرار لتنوير الأفكار ( مع الإلهامات السنية في شروح وظيفة الشاذلية),,,
دار الكتب العلمية,1,التصوف,ملا حسن الكردي ,شرح حكم الشيخ الأكبر سيدي محيي الدين بن عربي,,,
دار الزمان,1,التصوف,نور الدين السمهودي,جواهر العقدين في فضل الشرفين شرف العلم الجلي والنسب العلي,,,
دار ابن حزم,1,التصوف,نور الدين السمهودي,نصيحة اللبيب في مرائي الحبيب,,,
مخطوطة,1,التصوف,نور الدين السمهودي,نصيحة اللبيب في مرائي الحبيب,,,
أخبار اليوم,1,التصوف,وائل محمد رمضان أبوعبية الحسني,الذين رأوا رسول الله  ﷺ في المنام وكلّموه,,,
دار الكتب العلمية,1,التصوف,وكيع بن الجراح,كتاب الزهد,,,
دارالكتب العلمية,1,التصوف,يوسف النبهاني,الاستغاثة الكبرى في أسماء الله الحسنى,,,
دار الفكر,1,التصوف,يوسف النبهاني,سعادة الدارين في الصلاة على سيد الكونين ﷺ,,,
 مكتبة بدرية كوتكل,1,التصوف,,قصائد شمس الإيمان وهداية الأذكياء ورزانة وصلاح الدين وبدء الأمالي وكفاية العوام ونفائس الدرر والزبد وبانت سعاد وذخر المعاد بتعليقات الويلتوري (مع كتب مجموعة) ,,,
بدون عنوان,1,التصوف,,قصائد شمس الإيمان وهداية الأذكياء ورزانة وصلاح الدين وبدء الأمالي وكفاية العوام ونفائس الدرر والزبد وبانت سعاد وذخر المعاد بتعليقات سيدال مسليار (مع كتب مجموعة) ,,,
دار الرازى,1,التصوف,ناصر الدين الخطيب,منبر الغيب,,,
مكبتة كابتل,1,التصوف,عبد العزيز المخدوم,مرقات القلوب (مع عشرة كتب ),,,
مجمع المركز للبحوث الاسلامية,1,العقيدة والكلام,أبوبكر أحمد,أصول الوصول إلى إيمان أصول الرسول,,,
إدارة إحياء التراث الإسلامي,1,العقيدة والكلام,رحمة الله الكيرانوي,إظهار الحق,,,
مكتبة الحقيقة إستنبول,1,العقيدة والكلام,إدارة مكتبة الحقيقة,اعترافات الجاسوس الإنكليزي,,,
دار الرازى,1,العقيدة والكلام,عمر عبد الله كامل,الأدلة الباهرة على نفي البغضاء بين الصحابة والعترة الطاهرة,,,
دار الفكر,1,العقيدة والكلام,يوسف النبهاني,الأساليب البديعة في فضل الصحابة وإقناع الشيعة (مع شواهد الحق) ,,,
المركز الإسلامي دار المعارف,1,العقيدة والكلام,عبد الرحمن باوا المليباري,الإسلام,,,
مجمع المركز للبحوث الاسلامية,1,العقيدة والكلام,أبوبكر أحمد,الإفادة بمعنى الدعاء هو العبادة,,,
مجمع المركز للبحوث الاسلامية,1,العقيدة والكلام,أبوبكر أحمد,الإمام أبو الحسن الأشعري إمام  أهل السنة  والجماعة  ومنهجه الوسطي في العقيدة ,,,
مكتبة الحقيقة إستنبول,1,العقيدة والكلام,ضياء الدين البغدادي,الإيمان والإسلام ,,,
دار الذخائر,1,العقيدة والكلام,يوسف القرضاوي,الإيمان والحياة,,,
دار البصائر,1,العقيدة والكلام,الغزالي,الاقتصاد في الاعتقاد,,,
دار البصائر,1,العقيدة والكلام,مصطفى عمران,السداد في الإرشاد إلى الاقتصاد في الاعتقاد (مع الاقتصاد في الاعتقاد),,,
مجمع المركز للبحوث الاسلامية,1,العقيدة والكلام,أبوبكر أحمد,البراهين القطعية في الرد على القاديانية,,,
دار غريب,1,العقيدة والكلام,عمر عبد الله كامل,التحذير من المجازفة بالتكفير,,,
مكتبة الصحابة,1,العقيدة والكلام,خالد بن علي العنبري,الحكم بغير ما أنزل الله وأصول التكفير في ضوء الكتاب والسنة وأقوال سلف الأمة,,,
دار الكتب العلمية,1,العقيدة والكلام,ابن حجر الهيتمي,الصواعق المحرقة في الرد على أهل الزيغ والزندقة,,,
كتاب ناشرون,1,العقيدة والكلام,صالح الجعفري الهاشمي,العشر المسائل = بيان الواضح المشهود من فضائح النصارى واليهود,,, 
دار الضياء,1,العقيدة والكلام,ابن علان,الفتح المبين بشرح أم البراهين,,,
مكتبة الحقيقة إستنبول,حبتان,العقيدة والكلام,جميل أفندي,الفجر الصادق في الرد على منكري التوسل والكرامات والخوارق,,,
دار الرسالة,1,العقيدة والكلام,محمد الداغستاني,الفرائد الوهبية في رد شبهات الوهابية,,,
دار الفكر,2,العقيدة والكلام,ابن حزم الظاهري,الفصل في الملل والأهواء والنحل,,,
جامعة دعوة الإسلامية,1,العقيدة والكلام,الإمام أبو حنيفة ,الفقه الأكبر في التوحيد,,,
جامعة دعوة الإسلامية,1,العقيدة والكلام,الإمام الشافعي,الفقه الأكبر في التوحيد,,,
رئيس قضاة دولة قطر,1,العقيدة والكلام,أحمد بن حجر البنعلي,القول الأقوم في عموم رسالة سيدنا محمّد ﷺ إلى جميع الأمم,,,
شركة دار المشاريع,1,العقيدة والكلام,سليم علوان,القول اليقين فيما ينفع أمواتنا المسلمين,,,
دار نور الصباح,1,العقيدة والكلام,رمضان أفندي = الكستلي = الخيالي,المجموعة السنية على شرح العقائد النسفية ,,,
مكتبة الحقيقة إستنبول,1,العقيدة والكلام,أحمد جودت باشا,المعلومات النافعة ,,,
دار الكتب العلمية,1,العقيدة والكلام,محمد الشهرستاني,الملل والنحل,,, 
كشيدة للنشر والتوزيع,1,العقيدة والكلام,أبو إسحاق السرقسطي,الهبة والعطا في شرح العقيدة الوسطى,,,
كشيدة للنشر والتوزيع,1,العقيدة والكلام,السنوسي,العقيدة الوسطى (مع الهبة والعطا),,,
دار القلم,1,العقيدة والكلام,رؤوف شلبي,بشائر النبوة الخاتمة,,,
دون عنوان,1,العقيدة والكلام,أحمد بن حجر البنعلي,تحذير المسلمين عن الابتداع والبدع في الدين,,,
دار الكتب العلمية,1,العقيدة والكلام,الباجوري,تحفة المريد شرح جوهرة التوحيد= حاشية الباجوري على جوهرة التوحيد,,, 
أبناء مولوي غلام رسول السورتي,1,العقيدة والكلام,الباجوري,تحفة المريد شرح جوهرة التوحيد = حاشية الباجوري على جوهرة التوحيد,,, 
دار الكتب العلمية,1,العقيدة والكلام,ابن حجر الهيتمي,تطهير الجنان واللسان عن الخطور والتفوه بثلب سيدنا معاوية بن أبي سفيان (مع الصواعق المحرقة),,,
دار المنامرة,1,العقيدة والكلام,علي الطنطاوي,تعريف عام بدين الإسلام ,,,
مكتب الإسلامي دمشق,1,العقيدة والكلام,سليمان بن عبد الله بن محمد بن عبد الوهاب,تيسير العزيز الحميد في شرح كتاب التوحيد,,,
مركز أهل السنة بركات رضا,1,العقيدة والكلام,أحمد رضا البريلوي,جزى الله عدوه بإبائه ختم النبوة,,,
المكتبة التوفيقية,1,العقيدة والكلام,محمد الأمير,حاشية الأمير على إتحاف المريد شرح جوهرة التوحيد,,,
المكتبة التوفيقية,1,العقيدة والكلام,عبد السلام بن إبراهيم اللقاني (ابن الناظم),إتحاف المريد شرح جوهرة التوحيد (مع حاشية الأمير),,,
دار الكتب العلمية,1,العقيدة والكلام, حسن الجوري,حاشية شرح العقائد,,, 
دار الكتب العلمية,1,العقيدة والكلام, حسن الجوري,حاشية الجوري على حاشية الخيالي (مع حاشية شرح العقائد),,,
أبناء مولوي محمد بن غلام,1,العقيدة والكلام,الخيالي,حاشية الخيالي على شرح العقائد النسفية,,,
أبناء مولوي محمد بن غلام,1,العقيدة والكلام,عصام الدين,حاشية العصام على شرح العقائد للتفتازاني مع حاشبة الخيالي ,,,
دار الضياء,1,العقيدة والكلام,زكريا الأنصاري,حاشية شرح العقائد = فتح الإله الماجد بإيضاح شرح العقائد,,,
لجنة نصرة الطلبة,1,العقيدة والكلام,محمد ابن عرفة الدسوقي,حاشية على شرح أم البراهين,,,
مصطفى الباني الحلبي,1,العقيدة والكلام,إسماعيل الحامدي,حواشي شرح الكبرى للسنوسي,,,
مصطفى الباني الحلبي,1,العقيدة والكلام,السنوسي,عمدة أهل التوفيق والتسديد شرح عقيدة أهل التوحيد الكبرى (مع حواشي شرح الكبرى),,,
شاليم,1,العقيدة والكلام,أحمد كويا الشالياتي,دفع الشر الأثير عن الخير الكثير,,,
دار الرازى,1,العقيدة والكلام,عمر عبد الله كامل,رسالة إلى إخواننا الشيعة الإمامية تعالو إلى كلمة سواء بيننا وبينكم,,,
دار الكتب العلمية,1,العقيدة والكلام,محمد أمين المدني,سبل السلام في حكم آباء سيد الآنام صلى الله عليه وسلم,,,
مصورة,1,العقيدة والكلام,التفتازاني,شرح العقائد النسفية مع تخريج السيوطي,,,
دار الكتب العلمية,3,العقيدة والكلام,التفتازاني,شرح المقاصد ,,,
دار الكتب العلمية,4,العقيدة والكلام,السيد الشريف الجرجاني,شرح المواقف,,,
دار الكتب العلمية,4,العقيدة والكلام,عضد الدين العيجي,المواقف (مع شرح المواقف),,,
دار الكتب العلمية,4,العقيدة والكلام,عبد الحكيم السيالكوتي,حاشية شرح المواقف (مع شرح المواقف),,,
دار الكتب العلمية,4,العقيدة والكلام,الجلبي الفناري,حاشية شرح المواقف (مع شرح المواقف),,,
دار الكتب العلمية,1,العقيدة والكلام,فخر الدين الرازي,عصمة الأنبياء,,, 
مركز الدراسات التاريخية,1,العقيدة والكلام,حسن بن فرحان المالكي,قراءة في كتب العقائد المذهب الحنبلي نموذجا ,,,
جامعة دعوة الإسلامية,1,العقيدة والكلام,أحمد بن محمد السهيمي,كاتب في بيان البدع في الأصول ,,,
دار الكتب العلمية,1,العقيدة والكلام,البيهقي,كتاب الأسماء والصفات,,,
مكتبة الحقيقة إستنبول,1,العقيدة والكلام,الحبيب علوي بن الحداد,مصباح الأنام وجلاء الظلام في رد شبه البدعي النجدي التي أضل بها العوام,,,
مجمع المركز للبحوث الاسلامية,1,العقيدة والكلام,أبوبكر أحمد,كشف الستور في منع السجود للقبور,,,
دار الكتب العلمية,1,العقيدة والكلام,محمد الفضالي, كفاية العوام في علم الكلام مع حاشية الباجوري  تحقيق المقام,,,
دار الكتب العلمية,1,العقيدة والكلام,الباجوري, حاشية الباجوري على كفاية العوام =  تحقيق المقام (مع  كفاية العوام),,,
دار المصطفى,1,العقيدة والكلام,عمر عبد الله كامل,كفى تفريقا للأمة باسم السلف,,,
دار اشبيلية,1,العقيدة والكلام,عبد الله المصلح و د. صلاح الصاوي,ما لا يسع المسلم جهله,,,
دار غريب,1,العقيدة والكلام,عمر عبد الله كامل,مبدآن هدّامان جاهلية المجتمع وهجر المخالف,,,
دارة الكرز,1,العقيدة والكلام,الشعراني,مختصر الاعتقاد للإمام البيهقي,,,
بيسان للنشر,1,العقيدة والكلام,عمر عبد الله كامل,مختصر شرح العقيدة الطحاوية ,,,
نشرة يوسف الرفاعي,1,العقيدة والكلام,محمد بن عبد الله العلوي,مسائل كثر حولها النقاش والجدل,,,
أبناء مولوي محمد بن غلام,1,العقيدة والكلام,أحمد المرزوقي ,منظومة عقيدة العوام (مع نور الظلام),,,
دار التقوى,2,العقيدة والكلام,ابن المعلم,نجم المهتدي ورجم المعتدي,,,
دار المصطفى,1,العقيدة والكلام,عمر عبد الله كامل,نقض قواعد التشبيه,,,
أبناء مولوي محمد بن غلام,1,العقيدة والكلام,محمد نووي الجاوي,نور الظلام  شرح منظومة عقيدة العوام,,,
وزارة الأوقاف قطر,1,العقيدة والكلام,ابن قيم الجوزية,هداية الحيارى في أجوبة اليهود والنصارى,,,
دار البصائر القاهرة,2,العقيدة والكلام,إبراهيم اللقاني ,هداية المريد لجوهرة التوحيد = شرح الناظم على الجوهرة مع تقريرات الخرشي والطوخي والإطفيحي,,,
مكتبة الصحابة,1,العقيدة والكلام,خالد بن علي العنبري,هزيمة  الفكر التكفيري مع الحكم بغير ما أنزل الله,,,
مكتبة الصحابة,1,العقيدة والكلام,خالد بن علي العنبري,مناقشة هادفة لكتاب الحكم بغير ما أنزل الله مع الحكم بغير ما أنزل الله,,,
دار النور المبين للنشر والتوزيع,2,العقيدة والكلام,صدر الشريعة عبيد الله ,"تعديل العلوم  ( تعديل الميزان , تعديل مباحث علم الكلام, تعديل علم الهيئة)",,,
دار التقوى,1,العقيدة والكلام,ابن اللبان,إزالة الشبهات عن الآيات والأحاديث المتشابهات,,,
دار التقوى,1,العقيدة والكلام,ابن اللبان,رسالة في سؤال وجواب حول أخذ العهد والاستنابة على طريقة السادة الصوفية,,,
دار ابن كثير,1,العقيدة والكلام,الصاوي,شرح الصاوي على جوهرة التوحيد,,,
دار التقوى,1,العقيدة والكلام,الباجوري,حاشية الباجوري على شرح العقائد النسفية,,,
دار الإحسان (مصورة),2,العقيدة والكلام,,مجموع الحواشي السنية على شرح خريدة البهية (للدردير),,,
دار الإحسان (مصورة),2,العقيدة والكلام,السباعي,حاشية السباعي على شرح خريدة البهية مع مجموع الحواشي السنية على شرح خريدة البهية,,,
دار الإحسان (مصورة),2,العقيدة والكلام,شمس الدين محمد بن بخيت,حاشية بخيت على شرح خريدة البهية مع مجموع الحواشي السنية على شرح خريدة البهية,,,
دار الإحسان (مصورة),2,العقيدة والكلام,صاوي,حاشية الصاوي على شرح خريدة البهية مع مجموع الحواشي السنية على شرح خريدة البهية,,,
دار الإحسان (مصورة),2,العقيدة والكلام, إبراهيم بصيلة,تقريرات إبراهيم بصيلة على حاشية الصاوي على شرح خريدة البهية مع مجموع الحواشي السنية على شرح خريدة البهية,,,
مؤسسة الأعلمي,1,العقيدة والكلام,الحسن الحلي,كشف المراد في شرح تجريد الاعتقاد,,,
مؤسسة الأعلمي,1,العقيدة والكلام,نصير الدين الطوسي,تجريد الاعتقاد (مع كشف المراد),,,
مطبوعات جامعة الكويت,1,العقيدة والكلام,القاضي عبد الجبار المعتزلي,الأصول الخمسة,,,
دار الصالح,1,العقيدة والكلام,عبد الغني النابلسي,التوفيق الجلي بين الأشعري والحنبلي,,,
دار الفتح,طبعتان,العقيدة والكلام,ابن التلمساني,شرح معالم أصول الدين (للرازي),,,
دار الفتح,1,العقيدة والكلام,الخونجي,شرح معالم أصول الدين (للرازي),,,
الأصلين,1,العقيدة والكلام,سعيد فودة,الأدلة العقلية على وجود الله بين المتكلمين والفلاسفة,,,
دار الكتب والوثائق القومية,3,العقيدة والكلام,سيف الدين الآمدي,أبكار الأفكار في أصول الدين,,,
دار الركن والمقام ,1,العقيدة والكلام,محمود السيد صبيح,أخطاء ابن تيمية في حق رسول الله ﷺ وأهل بيته,,,
عالم الكتب,1,العقيدة والكلام,القرافي,الأجوبة الفاخرة عن أسئلة الفاجرة في الرد على الملة الكافرة,,,
دار الكتب العلمية,1,العقيدة والكلام,محمّد بن موسى المراكشي,مصباح الظلام في المستغيثين بخير الأنام في اليقظة والمنام,,,
دار الفكر,1,العقيدة والكلام,يوسف النبهاني,شواهد الحق في الاستغاثة بسيد الخلق ﷺ,,١,
مكتبة إسلامية ميزان ماركيت,3,العقيدة والكلام,عبد الحكيم السيالكوتي,حاشية العلامة عبد الحكيم السيالكوتي على حاشية الخيالي على شرح العقائد (مع مجموعة الحواشي البهية),,,
مكتبة إسلامية ميزان ماركيت,3,العقيدة والكلام,الخيالي,حاشية شرح العقائد النسفية (مع المجموعة الحواشي البهية),,,
مكتبة إسلامية ميزان ماركيت,3,العقيدة والكلام,ملا أحمد,حاشية شرح العقائد النسفية = حاشية قول أحمد على شرح العقائد (مع المجموعة الحواشي البهية),,,
مكتبة إسلامية ميزان ماركيت,3,العقيدة والكلام,ملا أحمد,حاشية حاشية شرح العقائد النسفية = منهوات قول أحمد على حاشية شرح العقائد (مع المجموعة الحواشي البهية),,,
مكتبة إسلامية ميزان ماركيت,3,العقيدة والكلام,جمع من المحققين,جامع التقارير على حاشية السيالكوتي (مع المجموعة الحواشي البهية),,,
مكتبة إسلامية ميزان ماركيت,3,العقيدة والكلام,ملا أحمد,حاشية ملا أحمد (قول أحمد) على حاشية الخيالي على شرح العقائد (مع المجموعة الحواشي البهية),,,
مكتبة إسلامية ميزان ماركيت,3,العقيدة والكلام,ملا أحمد,منهوات ملا أحمد على حاشية قول أحمد على الخيالي على شرح العقائد (مع المجموعة الحواشي البهية),,,
مكتبة إسلامية ميزان ماركيت,3,العقيدة والكلام,المرعشي,حاشية المرعشي على حاشية قول أحمد وحاشية الخيالي على شرح العقائد (مع المجموعة الحواشي البهية),,,
مكتبة إسلامية ميزان ماركيت,3,العقيدة والكلام,المرعشي,منهوات المرعشي على حاشية المرعشي على قول أحمد والخيالي على شرح العقائد (مع المجموعة الحواشي البهية),,,
مكتبة إسلامية ميزان ماركيت,3,العقيدة والكلام,شجاع الدين الرومي,حاشية شجاع الدين على حاشية العصام على شرح العقائد (مع المجموعة الحواشي البهية),,,
مكتبة إسلامية ميزان ماركيت,3,العقيدة والكلام,محمد الشريف الكفوي,حاشية الكفوي على حاشية العصام على شرح العقائد (مع المجموعة الحواشي البهية),,,
مكتبة إسلامية ميزان ماركيت,3,العقيدة والكلام,عصام الدين الإسفراييني,حاشية العصام على شرح العقائد للتفتازاني (مع المجموعة الحواشي البهية),,,
مكتبة إسلامية ميزان ماركيت,3,العقيدة والكلام,ولي الدين,حاشية حاشية العصام على شرح العقائد للتفتازاني (مع المجموعة الحواشي البهية),,,
طبع بداغستان,1,العقيدة والكلام,محمد الهدهدي,شرح أم البراهين,,,
مطبعة السعادة,1,العقيدة والكلام,سلامة القضاعي العزامي,فرقان القرآن بين صفات الخالق وصفات الأكوان,,,
المكتبة الأزهرية,1,العقيدة والكلام,عبد القادر السنندجي,تقريب المرام في شرح تهذيب الكلام,,,
المكتبة الأزهرية,1,العقيدة والكلام,محمد وسيم الكردستاني,حاشية تقريب المرام في شرح تهذيب الكلام (مع تقريب المرام),,,
دار الحديث,1,العقيدة والكلام,أبو الحسن الأشعري,مقالات الإسلاميين واختلاف المصلين,,,
المركز الإسلامي دار المعارف,1,العقيدة والكلام,عبد الرحمن باوا المليباري,عتيدة المهام شرح عقيدة العوام,,,
مكتبة الحقيقة إستنبول,1,العقيدة والكلام,محمد حسن جان,طريق النجاة,,, 
مكتبة الحقيقة إستنبول,1,العقيدة والكلام,محمد معصوم بن أحمد السرهندي,المنتخبات من المكتوبات المعصومية (مع طريق النجاة),,,
مكتبة الحقيقة إستنبول,1,العقيدة والكلام,أحمد بن زيني دهلان,رسالة فيما يتعلق بأدلة جواز التوسل بالنبي وزيارته (مع مصباح الأنام وجلاء الظلام ),,,
مكتبة الحقيقة إستنبول,حبتان,العقيدة والكلام,ظاهر شاه ميان,ضياء الصدور لمنكر التوسل بأهل القبور (مع الفجر الصادق ),,,
مكتبة الحقيقة إستنبول,حبتان,العقيدة والكلام,محمد الشطي,النقول الشرعية في الرد على الوهابية (مع الفجر الصادق ),,,
مكتبة الحقيقة إستنبول,حبتان,العقيدة والكلام,محمد الشطي,رسالة في تأييد مذهب الصوفية (مع الفجر الصادق ),,,
دار نور الصباح,1,العقيدة والكلام,رمضان أفندي,حاشية شرح العقائد النسفية (مع المجموعة السنية),,,
دار نور الصباح,1,العقيدة والكلام,الكستلي,حاشية شرح العقائد النسفية (مع المجموعة السنية),,,
دار نور الصباح,1,العقيدة والكلام,الخيالي,حاشية شرح العقائد النسفية (مع المجموعة السنية),,,
هيهة كبار العلماء بنيجيريا,1,العقيدة والكلام,إبراهيم صالح الحسيني,دلائل التنزيه في إبطال بدع التعطيل والتجسيم والتشبيه,,,
imic dawa college kuttikattoor,1,العقيدة والكلام,عبد الرحمن مسليار الكنياتي,تأليف النقول في نجاة أبوي الرسول,,,
دار الكتب العلمية,1,العقيدة والكلام,أحمد بن زيني دهلان,أسنى المطالب في نجاة أبي طالب (مع سبل السلام),,,
alif book centre,1,العقيدة والكلام,عبد العزيز الوضيوري,درر الفوائد حاشية شرح العقائد,,,
دار المنهاج,1,العقيدة والكلام,غزالي,مقاصد الفلاسفة,,,
مكتبة البراق,1,العقيدة والكلام,وائل علي البتيري,رد الأقوال التي نقلها سليم الهلالي عن كتب الشهيد سيد قطب إلى مظانها الصحيحة وتصويبها,,,
مكتبة الحقيقة إستنبول,1,العقيدة والكلام,يوسف التوقادي,هدية المهديين في عقائد أهل الحق واليقين,,,
مكتبة الحقيقة إستنبول,1,العقيدة والكلام,المفتي محمود,المتنبئ القادياني ونبذة من أهواله وأكاذيبه (مع هدية المهديين),,,
مكتبة الحقيقة إستنبول,1,العقيدة والكلام,آغا شورس,خونة الإسلام في رد على القاديانية (مع هدية المهديين),,,
مكتبة الحقيقة إستنبول,1,العقيدة والكلام,حسين محمد,النصال الشفوية في رد على القاديانية (مع هدية المهديين),,,
مكتبة الحقيقة إستنبول,1,العقيدة والكلام,نور العلماء عبد القادر,الجماعة الطبليغية (مع هدية المهديين),,,
شركة دار المشاريع,1,العقيدة والكلام,سليو علوان,تفسير أولي النهى لقوله تعالى الرحمن على العرش استوى,,,
رئيس قضاة دولة قطر,1,العقيدة والكلام,أحمد بن حجر البنعلي,الأدلة الساطعات في إثبات المعجزات والكرامات,,,
طبعة الهند,1,العقيدة والكلام,السيالكوتي,حاشية حاشية الخيالي على شرح العقائد (مع شرح التهذيب),,,
جامعة مركز,1,العقيدة والكلام,عمر عبد الله كامل,كلمة هادئة في الحياة البرزخية,,,
جامعة مركز,1,العقيدة والكلام,عمر عبد الله كامل,كلمة هادئة في التوسل,,,
جامعة مركز,1,العقيدة والكلام,عمر عبد الله كامل,كلمة هادئة في الاستغاثة,,,
جامعة مركز,حبتان,العقيدة والكلام,عمر عبد الله كامل,كلمة هادئة في أحكام القبور,,,
جامعة مركز,1,العقيدة والكلام,عمر عبد الله كامل,كلمة هادئة في الزيارة  وشد الرحال,,,
جامعة مركز,1,العقيدة والكلام,عمر عبد الله كامل,كلمة هادئة في البدعة,,,
دار القلم,1,العقيدة والكلام,نخبة من علماء الأمركيين,الله يتجلى في عصر العلم,,,
دار الفقيه,1,العقيدة والكلام,أسامة الأزهري,الحق المبين في الرد على من تلاعب بالدين,,,
دون عنوان,1,العقيدة والكلام,عبد المجيد الثقافي,الأدلة الباهرة في أسرار احتفال الميلاد النبوي,,,
دون عنوان,1,العقيدة والكلام,محمد فيضي الماطوري,ريحانة المقاصد في عمل الموالد والاحتفال بها,,,
دار جوامع الكلم,1,العقيدة والكلام,علوي المالكي,حول الاحتفال بذكرى المولد النبوي الشريف,,,
nellikkuth bookstala,1,العقيدة والكلام,إسماعيل نلكتي,عقائد السنة,,,
nellikkuth bookstala,1,العقيدة والكلام,إسماعيل نلكتي,فقه السنة,,,
مكتبة الحقيقة إستنبول,1,العقيدة والكلام,إدارة مكتبة الحقيقة,علماء المسلمين وجهلة الوهابيين,,,
دار الصالح,1,العقيدة والكلام,الأرموي,لباب الأربعين في أصول الدين,,,
المطبعة عثمانية,1,العقيدة والكلام,إسماعيل الكلنبوي,حاشية الكلنبوي على شرح الدواني للعقائد العضدية,,,
المطبعة عثمانية,1,العقيدة والكلام,المرجاني,حاشية المرجاني على شرح الدواني للعقائد العضدية (مع حاشية الكلنبوي),,,
المطبعة عثمانية,1,العقيدة والكلام,الخلخالي,حاشية الخلخالي على شرح الدواني للعقائد العضدية (مع حاشية الكلنبوي),,,
المطبعة عثمانية,1,العقيدة والكلام,عضد الدين العيجي,العقائد العضدية (مع حاشية الكلنبوي),,,
طبعة الهند,1,العقيدة والكلام,السيالكوتي,حاشية حاشية الخيالي على شرح العقائد (مع شرح التهذيب),,,
دون عنوان,1,الفلسفة,فخر الدين الرازي,الجوهر الفرد,,,
لجنة نصرة الخطباء,1,العقيدة والكلام,عبد القادر القاسمي الفنملي,نتيجة المنقول والمأثور في ركعة قيام سيد الشهور,,,
دار المنهاج,1,العقيدة والكلام,الغزالي,الاقتصاد في الاعتقاد,,,
مجمع المركز للبحوث الاسلامية,1,العقيدة والكلام,أبوبكر أحمد,الدعاء بعد الصلاة,,,
مكتبة التهانوي,1,العقيدة والكلام,محمد عبد العزيز الفرهاري,النبراس شرح شرح العقائد,,,
دار المصطفى,1,العقيدة والكلام,عمر عبد الله كامل,تهذيب واختصار شروح السنوسية = أم البراهين,,,
المركز الإسلامي دار المعارف,1,العقيدة والكلام,عبد الرحمن باوا المليباري,رحلة الأعلام إلى روضة الأعلام,,,
المركز الإسلامي دار المعارف,1,العقيدة والكلام,عبد الرحمن باوا المليباري,سحاب الزلال في شرح كتاب السؤال,,,
مطبعة استنبول,1,العقيدة والكلام,الملا علي القاري,ضوء المعالي شرح بدأ الأمالي (مع القول التام في الفقه الشافعي ),,,
مكبتة كابتل,1,العقيدة والكلام,عبد العزيز المخدوم,باب معرفة الصغرى (مع عشرة كتب ),,,
المطبعة الميمنية,1,العقيدة والكلام,محمد نووي الجاوي,قطر الغيث في شرح مسائل أبي الليث (مع القول التام في الفقه الشافعي ),,,
دار الكتب العلمية ,1,العقيدة والكلام,فخر الدين الرازي,كتاب الأربعين في أصول الدين,,,
دار الإمام ابن عرفة,1,العقيدة والكلام,القرافي,شرح الأربعين في أصول الدين للرازي,,,
دار نور الصباح,2,العقيدة والكلام,,الدرّة الشامية الجامعة لأهم شروح العقيدة الطحاوية,,,
دار نور الصباح,2,العقيدة والكلام,منكوبرس,شرح العلامة منكوبرس للعقيدة الطحاوية  (مع الدرّة الشامية),,,
دار نور الصباح,2,العقيدة والكلام,التركستاني,شرح العلامة التركستاني للعقيدة الطحاوية (مع الدرّة الشامية),,,
دار نور الصباح,2,العقيدة والكلام,القونوي,شرح العلامة القونوي للعقيدة الطحاوية  (مع الدرّة الشامية),,,
دار نور الصباح,2,العقيدة والكلام,الغزنوي,شرح العلامة الغزنوي للعقيدة الطحاوية  (مع الدرّة الشامية),,,
دار نور الصباح,2,العقيدة والكلام,الغنيمي,شرح العلامة الغنيمي للعقيدة الطحاوية  (مع الدرّة الشامية),,,
دار نور الصباح,2,العقيدة والكلام,محمود الطرازي,النظم الحاوي لعقيدة الإمام الطحاوي (مع الدرّة الشامية),,,
مطابع دار الصحيفة,1,العقيدة والكلام,عماد السيد الشربيني,رد شبهات حول عصمة النبي ﷺ في ضوء الكتاب والسنة,,,
دار المعرفة الجامعية,1,العقيدة والكلام,عبد الرحمن ابن خلدون,لباب المحصل في أصول الدين,,,
دار الضياء,1,العقيدة والكلام,عبد السلام بن إبراهيم اللقاني (ابن الناظم ),إتحاف المريد بجوهرة التوحيد,,,
دار الضياء,1,العقيدة والكلام,محمد محي الدين عبد الحميد,حاشية النظام الفريد على جوهرة التوحيد (مع إتحاف المريد),,,
دار الضياء,1,العقيدة والكلام,الأمير,حاشية الأمير على جوهرة التوحيد (مع إتحاف المريد),,,
دار الضياء,1,العقيدة والكلام,الشنواني,حاشية الشنواني على جوهرة التوحيد (مع إتحاف المريد),,,
دار ابن حزم,1,العقيدة والكلام,نور الدين أحمد الصابوني,المنتقى من عصمة الأنبياء,,,
دار النور,1,العقيدة والكلام,محمد ابن فورك,مجرد مقالات الأشعري,,,
دار ابن حزم,1,العقيدة والكلام,إسحاق بن عقيل المكي,إعلام المسلمين بعصمة النبيين,,,
مطبعة مصر شركة مساحمة مظرية,1,العقيدة والكلام,أبو الحسن الأشعري,كتاب اللمع في الرد على أهل الزيغ والبدع,,,
دون عنوان,1,العقيدة والكلام,عضد الدين العيجي,العقائد العضدية,,,
دون عنوان,1,العقيدة والكلام,تحقيق : أكرم محمد إسماعيل,رسالة في تعليل أفعال الله بالحكم ومصالح العباد عند أهل السنة والجماعة,,,
دون عنوان,1,العقيدة والكلام,محي الدين كتي خطيب بلبرم,توضيح العقيدة السنية ردا على المبتدعة الوهابية,,,
دار الأضواء,1,العقيدة والكلام,نصير الدين الطوسي,تلخيص المحصل المعروف بنقد المحصل,,,
دار العلوم,1,العقيدة والكلام,أسعد كاشف الغطاء الشيعي,تنبؤات في القرآن والنبوة والإمامة,,,
دار الكتب العلمية,1,العقيدة والكلام, أحمد زروق الفاسي,شرح عقيدة الغزالي,,,
دار الكتب العلمية,1,العقيدة والكلام,الغزالي,إلجام العوام عن علم الكلام  (مع مجموعة رسائل الإمام الغزالي),,,
دار الكتب العلمية,1,العقيدة والكلام,الغزالي,قواعد العقائد في التوحيد  (مع مجموعة رسائل الإمام الغزالي),,,
دار المنهاج,1,العقيدة والكلام,الغزالي,الأربعين في أصول الدين,,,
دار الضياء,1,العقيدة والكلام, السيوطي,الاقتصاد في شرح الكوكب الوقاد في صحيح الاعتقاد (مع مجموع الرسائل الإيمانية),,,
دار الضياء,1,العقيدة والكلام,محمد حياة السندي المدني,شرح مقدمة عقائد أهل السنة (مع مجموع الرسائل الإيمانية),,,
دار الضياء,1,العقيدة والكلام,محمد فتح الله البليوني,الفتح النبوي بشرح عقيدة الشيخ علوان الحموي (مع مجموع الرسائل الإيمانية),,,
دار الضياء,1,العقيدة والكلام,عبد العزيز الديريني,أنوار المعارف في أسرار العوارف (مع مجموع الرسائل الإيمانية),,,
دار الكتب الحديثية,1,العقيدة والكلام, الغزالي,المنقذ من الضلال,,,
السبيل,1,العقيدة والكلام,أحمد دعدوش,خارطة الطوائف ,,,
مكتبة الحقيقة,1,العقيدة والكلام,محمد زاهد الكوثري,محق التقول في مسئلة التوسل (مع حجة الله على العالمين ),,,
مكتبة الحقيقة,1,العقيدة والكلام,فقير ظاهر شاه,الصواعق الربانية في الرد على الوهابية (مع حجة الله على العالمين ),,,
مكبتة كابتل,1,العقيدة والكلام,,عشرة كتب,,,
مكبتة كابتل,1,العقيدة والكلام,عبد العزيز المخدوم, باب معرفة الكبرى (مع عشرة كتب ),,,
مكبتة كابتل,1,العقيدة والكلام,محمد بن صالح,نبذة (مع عشرة كتب ),,,
مكبتة كابتل,1,العقيدة والكلام,عبد العزيز المخدوم,أركان الإيمان (مع عشرة كتب ),,,
مكبتة كابتل,1,العقيدة والكلام,إبراهيم الباجوري,متن الباجوري (مع عشرة كتب ),,,
مكبتة كابتل,1,العقيدة والكلام,منتخب بن الموفق,فتح القيوم (مع عشرة كتب ),,,
كتب خانه فيضي,1,علوم عامة,يوسف كاندلوي,الأحاديث المنتخبة في الصفات الست للدعوة إلى الله تعالى,,,
دار المنارة,2 فقط,علوم عامة,عبد الله القادري,الجهاد في سبيل الله حقيقته وغايته,,,
المركز الإسلامي دار المعارف,1,علوم عامة,عبد الرحمن باوا المليباري,المرأة في ظلال الإسلام,,,
المكتب الإسلامي,1,علوم عامة,محمود مهدي الاستانبولي,تحفة العروس,,,
دار الفكرالعربي,1,علوم عامة,رشدي طعيمة,تحليل المحتوى في العلوم الإنسانية,,,
عمران بكدبو,1,علوم عامة,محمد عمر  بالمبوري,لسان الدعوة والتبليغ,,,
المركز الإسلامي دار المعارف,1,علوم عامة,عبد الرحمن باوا المليباري,معجم المرأة ,,,
دار الكتب العلمية,1,علوم عامة,السيوطي,الكنز المدفون والفلك المشحون,,,
دار ابن كثير,10,الحديث,العسقلاني,أطراف مسند الإمام أحمد بن حنبل = إطراف المسند المعتلي بأطراف المسند الحنبلي,,,
دار الكتب العلمية,1,الحديث,عبد الحي اللقنوي,الآثار المرفوعة في الأخبار الموضوعة,,,
دار ابن حزم,20,الحديث,القسطلاني,إرشاد الساري لشرح صحيح البخاري,,,
دار الكتب العلمية,1,الحديث,الشافعي,اختلاف الحديث,,, 
دار المنهاج,1,الحديث,يوسف النبهاني,الأربعون أربعين,,,
دار ابن الجوزي,1,الحديث,أحمد الزبيدي,التجريد الصريح لأحاديث جامع الصحيح,,,
دار الفكر,4,الحديث,المنذري,الترغيب والترهيب,,,
دار الفكر,4,الحديث,مسلم,صحيح مسلم (الجامع الصحيح بتعليقات وجيزة),,,
وزارة الأوقاف قطر,2,الحديث,صالح أحمد الشامي,الجامع بين الصحيحين البخاري ومسلم,,,
دار الكتب العلمية,1,الحديث,محمد الجرداني,الجواهر الؤلؤية في شرح الأربعين النووية,,, 
دار الكتب العلمية,1,الحديث,ولي الدين محمد الشبشيري,الجواهر البهية في شرح الأربعين النووية,,, 
مكتبة المعارف,2,الحديث,السيوطي,الزيادات على الموضوعات = ذيل  اللآلي المصنوعة,,,
دار المنهاج,1,الحديث,ابن حجر الهيتمي,الفتح المبين بشرح الأربعين,,,
وزارة الأوقاف قطر,1,الحديث,الأقليشي,الكوكب الدري المستخرج من كلام النبي محمد المصطفى المكرم ﷺ,,,
دار الكتب العلمية,1,الحديث,الملا علي القاري,المبين المعين لفهم الاربعين,,, 
دار المنهاج,1,الحديث,البيهقي,المدخل إلى كتاب السنن,,,
دار الفكر,5,الحديث,الحاكم النيسابوري,المستدرك على الصحيحين,,,
دار الفكر,5,الحديث,الذهبي,تلخيص المستدرك (مع المستدرك على الصحيحين),,,
دار الفكر,5,الحديث,سراج الدين ابن الملقن,المستدرك على التلخيص (مع المستدرك على الصحيحين),,,
دار الحديث,"3-18,20",الحديث,أحمد بن حنبل,المسند,,,
مطبعة الإنشاء دمشك,1,الحديث,العماد مصطفى طلاس,المصطفى من أحاديث المصطفى ﷺ,,,
مكتبة المعارف الرياض,1,الحديث,الحافظ الطبراني,المعجم الصغير,,,
مجمع المركز للبحوث الإسلامية,4,الحديث,الشيخ أبوبكر أحمد,تذكير القاري بشرح صحيح البخاري ,,,
دار الفكر,21,الحديث,السيوطي,جامع الأحديث,91,,
إصدارات مدرسة فتح والإمداد,1,الحديث,عبد الرحمن الحبشي,تيسير رب البرية في جمع أحاديث العالية الإسناد الثنائية والثلاثية,,,
دار الفكر,,الحديث,علي بن أحمد العزيزي,السراج المنير شرح الجامع الصغير في أحاديث البشير النذير,,,
دار الفكر,,الحديث,محمد الحفني,حاشية الجامع الصغير في أحاديث البشير النذير (مع السراج المنير),,,
دار الفيحاء,5,الحديث,محمد علي ابن علان المكي,دليل الفالحين لطرق رياض الصالحين,201,,
مؤسسة الرسالة,1,الحديث,النووي,رياض الصالحين,248,,
دانش بك دبو,1,الحديث,النووي,رياض الصالحين من كلام سيد المرسلين ,249,,
فيصل ببلكيشن,1,الحديث,النووي,رياض الصالحين,,,
دار الفكر,1,الحديث,السيوطي,الدرر المنتثرة في الأحاديث المشتهرة (مع الفتاوى الحديثية ),,,
دار ابن حزم,1,الحديث,ابن ماجه,سنن ابن ماجه,274,,274 
دار ابن حزم,1,الحديث,الترمذي,سنن الترمذي,275,,275 
مؤسسة الرسالة,6,الحديث,الدارقطني,سنن الدارقطني,276,,
مؤسسة الرسالة,6,الحديث,محمد شمس الحق العظيم آبادي,التعليق المعني على الدارقطني (مع سنن الدارقطني),,,
مؤسسة الرسالة,1,الحديث,الدارمي,سنن الدارمي = المسند الجامع,277,,
دار ابن حزم,1,الحديث,النسائي,سنن النسائي,278,,278 
دار ابن حزم,1,الحديث,أبو داود,سنن أبو داود,,,
دار الكتب العلمية,1,الحديث,التفتازاني,شرح التفتازاني على الأحاديث الأربعين النووية,302,,302 
دار الفكر,4,الحديث,الزرقاني,شرح الزقاني على موطأ الإمام مالك,315,,
دا الفكر,8,الحديث,البغوي,شرح السنة,317,,
دار الكتب العلمية,12,الحديث,الطيبي,شرح الطيبي على مشكاة المصابيح = الكاشف عن حقائق السنن,329,,
دار المنهاج,23,الحديث,محمد الأمين الهرري,شرح صحيح مسلم = الكوكب الوهاج والروض البهاج في شرح صحيح مسلم ابن الحجاج,353,,
دار الفكر,9,الحديث,النووي,شرح مسلم,362,,
دار الفكر,9,الحديث,النووي,,,,
وزارة الأوقاف قطر,3,الحديث,الملا علي القاري,شرح مشكلات الموطأ,363,,
دار الفكر,9,الحديث,البيهقي,شعب الإيمان,372,,
وزارة الأوقاف قطر,8,الحديث,ابن حبان,صحيح ابن حبان المسند على تقاسيم والأنواع,381,,
مؤسسة الرسالة الناشرون,1,الحديث,البخاري,صحيح البخاري,382,,
مؤسسة الرسالة الناشرون,1,الحديث,مسلم,صحيح مسلم ,383,,
دار الفكر,16,الحديث,بدر الدين العيني,عمدة القاري شرح صحيح البخاري,416,,
دار الكتب العلمية,10,الحديث,ابن حجر الهيتمي,فتح الإله في شرح المشكاة,436,,
دار القلم,6,الحديث,شبير أحمد العثماني,فتح الملهم بشح صحيح الإمام مسلم,451,,
دار الفكر,6,الحديث,المناوي,فيض القدير بشرح الجامع الصغير,476,,
دار القبلة,3-6,الحديث,أبو داود ,سنن أبي داود,526,,
مكبتة كابتل,1,الحديث,محمد النسكي القاهري,أربعون حديث (مع عشرة كتب ),,,
دار الكتب العلمية,1,الحديث,النووي,ما تمس إليه حاجة القاري لصحيح الإمام البخاري,584,,
مكتبة المعارف,1 فقط,الحديث,عبد العظيم المنذري,مختصر سنن أبي داود,628,,
دار الفكر,10,الحديث,الملا علي القاري,مرقاة المفاتيح شرح مشكاة المصابيح,642,,
دار ابن الجوزي,1,الحديث,أحمد بن محمد الخليل,مستدرك التعليل على إرواء الغليل,647,,
دار ابن كثير,1,الحديث,أبو نعيم أحمد بن عبد الله الأصبهاني,مسند الإمام أبي حنيفة النعمان,650,,650 
دار ابن حزم,1,الحديث,خطيب التبريزي,مشكاة المصابيح,653,,
دار الكتب العلمية,7,الحديث,البيهقي,معرفة السنن والآثار,675,,675 
مكتبة الرشد,1،2،3,الحديث,زكريا الأنصاري,منحة الباري  بشرح صحيح البخاري,704,,
دار ابن كثير,1,الحديث,الإمام مالك,موطأ مالك (رواية = يحي بن يحي),719,,
دار السلام,مقدمة فقط,الحديث,ابن حجر العسقلاني,هدي الساري مقدمة فتح الباري,772,,
المكتبة التوفيقية,13,الحديث,ابن حجر العسقلاني,فتح الباري بشرح صحيح البخاري,785,,
إدارة الطباعة المنيرية,20,الحديث,العسقلاني,التلخيص الحبير في تخريج أحاديث رافعي الكبير (مع المجموع شرح المهذب),,,
دار السلام,1,شروح الحديث,ابن عاشور,تحقيقات وأنظار في القرآن والسنة,,,
دار البشائر الإسلامية,1,علم الحديث,محمد ياسين الفاداني,أسانيد الفقيه ابن حجر الهيتمي,,,
مكتبة العلمية,1,علم الحديث,السيوطي,ألفية السيوطي في علم الحديث,,,
دار الفكر,1,علم الحديث,ابن كثير,الباعث الحثيث شرح اختصار علوم الحديث,,,
مكتبة المعارف,2,علم الحديث,ابن كثير,الباعث الحثيث شرح اختصار علوم الحديث,,,
دار الكتب العلمية,1,علم الحديث,حسين بن محسن الأنصاري,التحفة المرضية في حل بعض المشكلات الحديثية (مع مجموع رسائل اليواقيت في علوم الحديث),,,
مكتبة المعارف,2,علم الحديث,الخطيب البغدادي,الجامع لأخلاق الراوي وآداب السامع,,,
دار الكتب العلمية,1,علم الحديث,السيوطي,الروض الباسم في الكلام عن مستدرك أبي عبدالله الحاكم (مع مجموع رسائل اليواقيت في علوم الحديث),,,
دار الكتب العلمية,1,علم الحديث,السيد علوي المالكي,المنهل اللطيف في أصول الحديث الشريف,,,
دار الكتب العلمية,1,علم الحديث,السيوطي,النهج السديد في أقوى وأصح وأثبت الأسانيد (مع مجموع رسائل اليواقيت في علوم الحديث),,,
إبداع,1,علم الحديث,السيوطي,تدريب الراوي بشرح تقريب النواوي,,,
مكتبة الوفاء كوتكل,1,علم الحديث,عبد الغفور الأزهري,تصقيل المرآة بشرح مقدمة المشكاة في علم مصطلح الحديث,,,
دار الكتب العلمية,1,علم الحديث,السيوطي,توضيح المدرك في تصحيح المستدرك (مع مجموع رسائل اليواقيت في علوم الحديث),78,,
مكتبة الأشرفية ديوبند,1,علم الحديث,محمود الطحان,تيسير مصطلح الحديث,86,,86 
دار الفتح,1,علم الحديث,ابن حجر الهيتمي,ثبت الإمام شيخ الإسلام ابن حجر,87,,
Al hira,1,علم الحديث,عبد الله العدوي,حاشية لقط الدرر بشرح متن نخبة الفكر,156,,
دار الكتب العلمية,1,علم الحديث,عبد الله البطليوسي,درة العارفين في كشف العلل التي تعرض للمحدثين (مع مجموع رسائل اليواقيت في علوم الحديث),190,,
دار الكتب العلمية,1,علم الحديث,أبو داود السجستاني,رسالة أبي داود السجستاني 202 هـ إلى أهل مكة (مع مجموع رسائل اليواقيت في علوم الحديث),219,,
دار الكتب العلمية,1,علم الحديث,البيهقي,رسالة الحافظ الإمام البيهقي إلى محمد الجويني (مع مجموع رسائل اليواقيت في علوم الحديث),222,,
دار الكتب العلمية,1,علم الحديث,ظافر أحمد العثماني,رسالة ظافر أحمد العثماني (مع مجموع رسائل اليواقيت في علوم الحديث),223,,
دار الكتب العلمية,1,علم الحديث,محمد زاهد الكوثري,رسالة محمد زاهد الكوثري (مع مجموع رسائل اليواقيت في علوم الحديث),224,,
دار الكتب العلمية,1,علم الحديث,طاهر الجزائري,رسالة طاهر الجزائري (مع مجموع رسائل اليواقيت في علوم الحديث),226,,
دار الكتب العلمية,1,علم الحديث,شبيرا أحمد العثماني,رسالة شبيرا أحمد العثماني (مع مجموع رسائل اليواقيت في علوم الحديث),227,,
بدون عنوان,1,علم الحديث,,توجيه العلماء لحديث إذا سمع أحدكم النداء,,,
مركز الطيبة,1,علم الحديث,فاروق نعيمي,مفهوم السنة,,,
دار الكتب العلمية,1,علم الحديث,محمد عبد الحي اللكنوي,رسالة عبد الحي اللكنوي (مع مجموع رسائل اليواقيت في علوم الحديث),228,,
دار المنهاج القويم,1,علم الحديث,عمر البيقوني,المنظومة البيقونية في مصطلح الحديث (مع شرح المنظومة البيقونية),337,,
دار المنهاج القويم,1,علم الحديث,عبد الله سراج الدين الحسيني,شرح المنظومة البيقونية في مصطلح الحديث,,,
مؤسسة الرسالة ناشرون,1,علم الحديث,عبد الرؤوف المناوي,شرح النخبة,340,,
دار الكتب العلمية,1,علم الحديث,الملا علي القاري,شرح شرح نخبة الفكر,351,,351 
دار الكتب العلمية,1,علم الحديث,ابن رجب الحنبلي,شرح علل الترمذي,356,,356 
دار ابن الجوزي,3,علم الحديث,السخاوي,فتح المغيث بشرح ألفية الحديث,450,,
مجمع المركز للبحوث الاسلامية,حبتان,علم الحديث,أبوبكر أحمد,فيضان المسلسلة في بيان الإجازة المتداولة,477,,
إدارة تحقيقات رضوية,1,علم الحديث,محمد مصطفى رضا القادري,الإجازات النورية ,,,
دار الكتب العلمية,1,علم الحديث, البشير المالكي الجزائري,مجموع رسائل اليواقيت في علوم الحديث ,602,,602 
دار الكتب العلمية,1,علم الحديث,محمد عبد الحي الكتاني,منح المنة في سلسلة بعض كتب السنة (مع مجموع رسائل اليواقيت في علوم الحديث),703,,
دار الكتب العلمية,1,علم الحديث,عبد القادر السوري الفاسي,نفع العباد في نظم الرواية والإسناد (مع مجموع رسائل اليواقيت في علوم الحديث),751,,
دار الفقيه,1,علم الحديث ,ناجي العربي,التنبيهات المرضية على الأحاديث الضعيفة في كتب الشيخين ابن القيم وابن تيمية,,,
دار الفقيه,1,علم الحديث ,ناجي العربي,تحقيق المقالة في الذكر بلفظ الجلالة (مع التنبيهات المرضية),,,
دار ابن كثير,1,علوم الحديث,سيد عبد الماجد الغوري,الميسر في علم مصطلح الحديث,,,
دار ابن كثير,1,علوم الحديث,سيد عبد الماجد الغوري,الميسر في علم علل الحديث,,,
دار الكتب العلمية,1,علوم الحديث,ابن ناصرالدين الدمشقي,عقود الدرر في علوم الأثر,,,
أروقة,1,مصطلح الحديث,ابن حجر الهيتمي,إلصاق عوار الهوس بمن لم يفهم الإضطراب في حديث البسملة عن أنس,,,
دار الفضيلة,1,ديوان,العسقلاني,ديوان ابن حجر العسقلاني,,,
دار الإحسان,1,الأدب,لجماعة المؤلفين,المطالع في آداب المطالع (مجموع سبعة كتب في فن المطالع),,,
دار الإحسان,1,الأدب,حامد الغفاري,رسالة في آداب المطالعة (مع المطالع في آداب المطالع),,,
دار الإحسان,1,الأدب,عليم الله الحنفي,شرح رسالة آداب المطالعة (مع المطالع في آداب المطالع) ,,,
دار الإحسان,1,الأدب,عبد الله بلفقيه,مقدمة في بيان طريق المطالعة (مع المطالع في آداب المطالع),,,
دار الإحسان,1,الأدب,رفيع الدين الدهلوي,فصل في آداب المطالعة (مع المطالع في آداب المطالع),,,
دار الإحسان,1,الأدب,الجرجاني,وصية السيد الشريف الجرجاني في مطالعة الدرس (مع المطالع في آداب المطالع),,,
دار الإحسان,1,الأدب,قرة حافظ أفندي,رسالة في بيان تفتيش المطالع (مع المطالع في آداب المطالع),,,
دار الإحسان,1,الأدب,ابن خلدون,فائدة في آداب المطالعة (مع المطالع في آداب المطالع),,,
المركز الإسلامي دار المعارف,1,الأدب,عبد الرحمن باوا المليباري,ألف قصة وقصة,,,
جامعة الهند,2,الأدب,,اقرأ,,,
المركز الإسلامي دار المعارف,1,الأدب,عبد الرحمن باوا المليباري,الاجساد العجيبة والابدان الغريبة,,,
دار الجيل,1,الأدب,المنفلوطي,العبرات,,,
المركز الإسلامي دار المعارف,1,الأدب,عبد الرحمن باوا المليباري,بستان السبعة ,,,
المكتبة المصرية للمطبوعات,1,الأدب,كمال عبد الحميد,تمام الجحيم,,,
المركز الإسلامي دار المعارف,1,الأدب,عبد الرحمن باوا المليباري,جنان الأدب,,,
نشرة الفضفرية,1,الأدب,عبد القادر الفضفري,جواهر الأشعار وغرائب الحكايات والأخبار,,,
المركز الإسلامي دار المعارف,1,الأدب,عبد الرحمن باوا المليباري,سفينة الصحراء,,,
دار الفكر,1,الأدب,أبو القاسم الحريري,مقامات الحريري,,,
دار الفكر,1,الأدب,,انتقاد ابن الخشاب على مقامات الحريري وانتصار ابن بري للحريري والرد على ابن الخشاب,,,
الياسمين,1,ديوان,كريم معتوق,ديوان  قسطرة (شعر حر),,,
المركز الإسلامي دار المعارف,1,الأدب,عبد الرحمن باوا المليباري,كتاب الجود والسخاء ,,,
مكتبة الهدى كاليكوت ,1,الأدب,عبد الله بن المقفع ,كليلة ودمنة ,,,
المركز الإسلامي دار المعارف,حبتان,الأدب,عبد الرحمن باوا المليباري,لماذا,,,
المركز الإسلامي دار المعارف,1,الأدب,عبد الرحمن باوا المليباري,لهذا,,,
دار الذخائر,1,الأدب,ابن المرحل,متن موطأة الفصيح نظم فصيح ثعلب,,,
دار القلم,1,المعاجم ,عبد الرحيم,معجم الدخيل في اللغة العربية الحديثة ,,,
مجمع البحوث الشرعية,1,اللغة وعلومها,عبد الحكيم الأزهري,نافذة إلى العربية,,,
المركز الإسلامي دار المعارف,1,الأدب,عبد الرحمن باوا المليباري,نبذ من زبد القرآن,,,
دار الكتب العلمية,1,العروض والقافية والموسيقا,محمد مهدي الشريف,معجمع مصطلحات علم الشعر العربي,,,
دار المنهاج,1,البلاغة,عمر الكاف,البلاغة المعاني البيان البديع,,,
مكتبة التهانوي ديوبند,1,البلاغة,علي الجارم و مصطفى أمين,البلاغة الواضحة ,,,
المكتبة البدرية,1,البلاغة,أبو محمد باوا الويلتوري,الرياضة المجازية بشرح العقود السمرقندية (مع هدى البيان على تحفة الإخوان),,,
مكتبة البدرية,1,البلاغة,أبو محمد باوا الويلتوري,العرائس الرضية على النفائس الارتضية (نشرة أولى),,,
مكتبة البدرية,1,البلاغة,أبو محمد باوا الويلتوري,العرائس الرضية على النفائس الارتضية (نشرة ثانيه),,,
مكتبة البشرى,2,البلاغة,شيخ الهند محمود حسن,حاشية شيخ الهند محمود حسن على مختصر المعاني (مع مختصر المعاني),,,
دار الكتب العلمية,1,البلاغة,أحمد الصاوي,حاشية الصاوي على شرح تحفة الإخوان في علم البيان,,, 
دار الكتب العلمية,1,البلاغة,صاحب المتن أحمد الدردير,شرح تحفة الإخوان في علم البيان (مع حاشية الصاوي على شرح تحفة الإخوان),,,
المكتبة العلمية,1,البلاغة,علي الجارم و مصطفى أمين,دليل البلاغة الواضحة البيان والمعاني والبديع,,,
مدرسة والدة عباس الأول,4,البلاغة,عبد الرحمن الشربيني,فيض الفتاح في حل حوشي شرح تلخيص المفتاح ,,,
مدرسة والدة عباس الأول,4,البلاغة,التفتازاني,المطول شرح تلخيص المفتاح (مع فيض الفتاح),,,
مدرسة والدة عباس الأول,4,البلاغة,عبد الحكيم السيالكوتي,حاشية السيالكوتي على المطول (مع فيض الفتاح),,,
مكتبة البشرى,2,البلاغة,التفتازاني,مختصر المعاني,,,
دار القلم,1,البلاغة,السيوطي,نظم البديع في مدح خير الشفيع ,,,
جامعة الهند,1,البلاغة,محمد ارتضى علي خان,النفائس الارتضية,,,
المكتبة البدرية,1,البلاغة,أبو محمد باوا الويلتوري,هدى البيان على تحفة الإخوان,,,
دار الكتب العلمية,1,البلاغة,التفتازاني,المطول شرح تلخيص المفتاح,,,
دار الكتب العلمية,4,البلاغة,,شروح التلخيص,,,
دار الكتب العلمية,4,البلاغة,الخطيب القزويني,تلخيص المفتاح (مع شروح التلخيص),,,
دار الكتب العلمية,4,البلاغة,التفتازاني,مختصر المعاني (مع شروح التلخيص),,,
دار الكتب العلمية,4,البلاغة,أحمد بن محمد بن يعقوب,مواهب الفتاح في شرح تلخيص المفتاح (مع شروح التلخيص),,,
دار الكتب العلمية,4,البلاغة,الخطيب القزويني,الإيضاح (مع شروح التلخيص),,,
دار الكتب العلمية,4,البلاغة,بهاء الدين السبكي,عروس الأفراح في شرح تلخيص المفتاح (مع شروح التلخيص),,,
دار الكتب العلمية,4,البلاغة,محمد بن محمد ابن عرفة الدسوقي,حاشية الدسوقي مختصر المعاني (مع شروح التلخيص),,,
دار الكتب العلمية,1,البلاغة,السيد الشريف الجرجاني,الحاشية على المطول ,,,
مطبتعة السعادة بجوار محافظة مصر,4,البلاغة,التفتازاني,مختصر المعاني (مع حاشية التجريد),,,
مطبتعة السعادة بجوار محافظة مصر,4,البلاغة,مصطفى البناني ,حاشية التجريد على مختصر المعاني,,,
مطبتعة السعادة بجوار محافظة مصر,4,البلاغة,الشمس الأنبابي,تقرير الأنبابي على مختصر المعاني (مع حاشية التجريد),,,
,2,البلاغة,عصام الدين إبراهيم الاسفراييني,الأطول شرح تلخيص مفتاح العلوم  (نسخة قديمة),,,
دار الكتب العلمية,2,البلاغة,عصام الدين إبراهيم الاسفراييني,الأطول شرح تلخيص مفتاح العلوم  (نسخة جديدة),,,
دار التقوى,1,البلاغة,التفتازاني,المطول شرح تلخيص المفتاح,,,
مكتبة زمزم,1,البلاغة,محمد أنور البدخشاني,البلاغة الصافية تهذيب مختصر المعاني,,,
مخطوط,1,البلاغة,محمد الأنبابي,حاشية الأنبابي على تحفة الإخوان في علم البيان,,,
المكتبة البدرية,1,الصرف والنحو,أبو محمد باوا الويلتوري,إجازة الفرائد بثلاث شواهد,,,
دار المنهاج,1,الصرف والنحو,زين الدين محمد البركوي,إظهار الأسرار في النحو,,,
بدون عنوان,1,الصرف والنحو,السيد الشريف الجرجاني ,شرح السيد الشريف الجرجاني للتصريف العزي الزنجاني ,,,
مكتبة المكية,1,الصرف والنحو,جمال الدين ابن حاجب,الشافية في علمي التصريف والخط,,,
مكتبة ديار بكر,2,الصرف والنحو,الملا خليل بن ملا حسين الأسعردي,القاموس الثاني في النحو والصرف والمعاني ,,,
الملمكة العربية السعودية,2,الصرف والنحو,أحمد الفشني,القلادة الجوهرية في شرح الدرة البهية نظم الآجرومية,,,
دار صادر,1,الصرف والنحو,خليل الإسعردي,الكافية الكبرى في النحو,,,
دار نور الصباح,2,الصرف والنحو,جمال الدين ابن حاجب,الكافية في النحو لابن الحاجب مع المجموعة النورية  ,,,
مطبعة المعارف ومكتبتها,1,الصرف والنحو,علي الجارم ومصطفى أمين,النحو الواضح,,,
لجنة تمرين الطلبة,1,الصرف والنحو,محمد الأحسني الفكري,النظم المرجاني بعوامل الجرجاني (مع نصرة الصبيان),,,
مكتبة النشر الاتحادي,1,الصرف والنحو,زبير محمد المدني ,تخفيف أثقال الأناس بتصريف أفعال الأجناس,,,
إحياء التراث العربي,1,الصرف والنحو,علي بن الشيخ حامد الأشنوي,تصريف الملا علي الأشنوي,,,
إحياء التراث العربي,1,الصرف والنحو,علي القزلجي,حاشية علي القزلجي على تصريف الأشنوي,,,
إحياء التراث العربي,1,الصرف والنحو,ابن القره داغي,حاشية ابن القره داغي على تصريف الأشنوي,,,
أبناء مولوي محمد بن غلام,1,الصرف والنحو,محمد الخضري ,حاشية الخضري على شرح بن عقيل لألفية بن مالك,,,
دار الكتب العلمية,3,الصرف والنحو,محمد الدسوقي,حاشية الدسوقي على مغني اللبيب عن كتب الأعاريب,,,
دار الفكر,4,الصرف والنحو,محمد بن على الصبان,حاشية الصبان على شرح الأشموني على ألفية ابن مالك,,,
دار الفكر,4,الصرف والنحو,العيني,شرح الشواهد (مع حاشية الصبان),,,
مكتبة دار الفجر,2,الصرف والنحو,ياسين الحمصي ,حاشية ياسين على شرح قطر الندى ,,,
مكتبة دار الفجر,2,الصرف والنحو,عبد الله الفاكهي,مجيب الندى شرح قطر الندى (مع حاشية ياسين),,,
دار نور الصباح,2,الصرف والنحو,عبد الحكيم السيالكوتي,حاشية عبد الحكيم السيالكوتي على أواخر الجامي(مع المجموعة النورية),,,
دار نور الصباح,2,الصرف والنحو,عبد الحكيم السيالكوتي,حاشية عبد الحكيم السيالكوتي على حاشية اللاري (مع المجموعة النورية),,,
دار نور الصباح,2,الصرف والنحو,عبد الغفور اللاري,حاشية عبد الغفور اللاري على شرح الجامي (مع المجموعة النورية),,,
دار نور الصباح,2,الصرف والنحو,محمد رحمى الأكيني,حاشية عقد النامي على الجامي(مع المجموعة النورية),,,
مبارك بك سراض,1,الصرف والنحو,محمد بن علي الفناني,حاشية على شرح التحفة الوردية,,,
مكتبة ابن سينة,1,الصرف والنحو,أحمد الحملاوي,شذا العرف في فن الصرف,,,
مكتبة محمود مصر,1,الصرف والنحو,خالد الأزهري,متن الأزهرية في علم العربية ,,,
بدون عنوان,1,الصرف والنحو,الملا علي القاري,شرح الملا علي القاري على تصريف العزي الزنجاني,,,
دار الكتب العلمية,3,الصرف والنحو,خالد الأزهري,حاشية التصريح على شرح التوضيح لألفية بن مالك,,,
دار الكتب العلمية,3,الصرف والنحو,ابن هشام,أوضح المسالك لألفية بن مالك (مع حاشية التصريح),,,
أبناء مولوي محمد بن غلام,1,الصرف والنحو,التفتازاني,شرح التفتازاني على العزى,,,
دار الكتب العلمية,1,الصرف والنحو,السيوطي,شرح السيوطي على ألفية ابن مالك = البهجة المرضية في شرح الألفية ,,,
دار الكتب العلمية,1,الصرف والنحو,محمد صالح  الغرسي,التحقيقات الوفية بما في البهجة المرضية من اللنكاة والرموز الخفية,,,
دار الكتب العلمية,6,الصرف والنحو,إبراهيم الشاطبي,شرح الشاطبي لألفية ابن مالك = المقاصد الشافية في شرح الخلاصة الكافية,,,
دار احياء الكتب العربية,1,الصرف والنحو,نقره كار عبد الله بن محمد الحسيني,شرح الشافية في التصريف,,,
دار احياء الكتب العربية,1,الصرف والنحو,عصام الدين الإسفراييني,شرح الشافية في التصريف (شرح الشافية),,,
طبع إستنبول,1,الصرف والنحو,سيد الشريف الجرجاني,شرح الشريف الجرجاني على تصريف العزي,,,
دار نور الصباح,2,الصرف والنحو,عبد الرحمان الجامي ,شرح الكافية (ملا جامي) مع المجموعة النورية,,,
دار نور الصباح,2,الصرف والنحو,,المجموعة النورية المشتملة على ستة كتب في النحو,,,
أبناء مولوي محمد بن غلام,1,الصرف والنحو,أبو الحسن علي بن حشام الكيلاني,شرح الكيلاني على العزى,,,
أبناء مولوي محمد بن غلام,1,الصرف والنحو,التفتازاني,شرح التفتازاني على العزى (مع شرح الكيلاني),,,
أبناء مولوي محمد بن غلام,1,الصرف والنحو,أبو الحسن علي بن هشام الكيلاني,شرح الكيلاني على العزى,,,
دار الكتب العلمية,1,الصرف والنحو,عبد الرحمن علي المكودي,شرح المكودي على ألفية ابن مالك,,,
سي أج محمد آند سنس,1,الصرف والنحو,زين الدين المخدوم الأول وعبد العزيز المخدوم الفناني,شرح خلاصة الألفية ,,,
مكتبة المدينة,1,الصرف والنحو,محمد إلياس العطار,ضياء الإصباح حاشية مراح الأرواح (مع مراح الأرواح),,,
دار الكتب العلمية,2,الصرف والنحو,ابن عابدين,الفوائد العجيبة في إعراب الكلمات الغريبة (مع مجموعة رسائل ابن عابدين ج٢),,,
مكتبة البركات كوتاكل,1,الصرف والنحو,,كتاب الصرف والنحو- ميزان أجناس الصغرى والكبرى والعوامل والزنجان وتقويم اللسان وتحفة الوردية وقطر الندى,,,
جامعة الهند الإسلامية,1,الصرف والنحو,,كتاب النحو= كتاب العوامل ، كتاب تقويم اللسان,,,
أبناء مولوي محمد بن غلام,1,الصرف والنحو,مجموعة من المؤلفين,كتاب قواعد اللغة العربية لتلاميذ المدارس الثانوية,,,
مكتبة الإرشاد كالكوت,1,الصرف والنحو,أبو محمد باوا الويلتوري,لمح الشواهد بتتمة الفواد شرح شواهد الألفية,,,
دار الصميعي,1,الصرف والنحو,الحطاب محمد الرعيني  ,متممة الآجرومية في علم العربية,,,
دار ابن حزم,1,الصرف والنحو,ابن مالك,متن ألفية بن مالك,,,
دار الفكر,1,الصرف والنحو,محمد بن محمد الصنهاجي,متن الأجرومية,,,
دار الفكر,1,الصرف والنحو,شرف الدين العمريطي,نظم الأجرومية (مع متن الأجرومية),,,
دار الكتب العلمية,2,الصرف والنحو,,مجموعة الشافية في علمي التصريف والخط,,,
دار الكتب العلمية,2,الصرف والنحو,الجاربردي,شرح الشافية في التصريف لابن الحاجب (مع مجموعة الشافية),,,
دار الكتب العلمية,2,الصرف والنحو,نقره كار,شرح الشافية في التصريف لابن الحاجب (مع مجموعة الشافية),,,
دار الكتب العلمية,2,الصرف والنحو,بدرالدين أحمد ابن جماعة ,حاشية شرح الجاربردي (مع مجموعة الشافية),,,
دار الكتب العلمية,2,الصرف والنحو,زكريا الأنصاري,المناهج الكافية في شرح الشافية (مع مجموعة الشافية),,,
دار الكتب العلمية,2,الصرف والنحو,إبراهيم الكرمياني, الفوائد الجليلة في شرح الفرائد الجميلة = شرح الشافية (مع مجموعة الشافية),,,
دار المنهاج,1,الصرف والنحو,محمد الأمين الهرري,محنك الأطفال من لبان معاني لامية الأفعال,,,
المكتبة التّهانويّة,1,الصرف والنحو,أحمد بن علي ,مراح الأرواح,,,
مكتبة الحقيقة استنبول,1,الصرف والنحو,أحمد بن علي ,مراح الأرواح,,,
مكتبة الحقيقة استنبول,1,الصرف والنحو,عزالدين إبراهيم الزنجاني,التصريف العزي (مع مراح الأرواح),,,
مكتبة الحقيقة استنبول,1,الصرف والنحو,,مقصود في الصرف (مع مراح الأرواح),,,
مكتبة الحقيقة استنبول,1,الصرف والنحو,,الأمثلة  في الصرف (مع مراح الأرواح),,,
مكتبة الحقيقة استنبول,1,الصرف والنحو,,بناء في التصريف (مع مراح الأرواح),,,
مكتبة الحقيقة استنبول,1,الصرف والنحو,حافظ أحمد أفندي زادة,رسالة التصريفات (مع مراح الأرواح),,,
مكتبة الحقيقة استنبول,1,الصرف والنحو,زين الدين محمد البرقوي,العوامل (مع مراح الأرواح),,,
مكتبة الحقيقة استنبول,1,الصرف والنحو,ابن الحاجب,الكافية في النحو (مع مراح الأرواح),,,
مكتبة المدينة,1,الصرف والنحو,أحمد بن علي ,مراح الأرواح ,,,
المكتبة العصرية,2,الصرف والنحو,ابن هشام,مغني اللبيب عن كتب الأعاريب,,,
لجنة تمرين الطلبة,1,الصرف والنحو,محمد الأحسني الفكري,نصرة الصبيان بنظم تحفة الإخوان,,,
دار الكتب العلمية,4,الصرف والنحو,السيوطي,همع الهوامع في شرح جمع الجوامع,,, 
دار الكتب العلمية,4,الصرف والنحو,السيوطي,جمع الجوامع في النحو (مع همع الهوامع),,,
دار الكتب العلمية,1,الصرف والنحو,زيني دحلان,الأزهار الزينية شرح الألفية ,,,
دار الكتب العلمية,1,الصرف والنحو,بدرالدين محمود العيني,ملاح الألواح في شرح مراح الأرواح في الصرف,,,
دار الكتب العلمية,1,الصرف والنحو,الغليبولي,تحفة الإخوان في شرح العوامل المئة للبركوي (مع شروح العوامل),,,
دار الكتب العلمية,1,الصرف والنحو,عصام الدين عربشاه,شرح العصام على عوامل البركوي (مع شروح العوامل),,,
دار الكتب العلمية,1,الصرف والنحو,سعد الله الصغير,شرح عوامل الجرجاني (مع شروح العوامل),,,
دار الكتب العلمية,1,الصرف والنحو,أحمد الفطامي,تسريح العوامل في شرح العوامل للجرجاني (مع شروح العوامل),,,
دار الكتب العلمية,1,الصرف والنحو,الجرجاني,متن العوامل  للجرجاني (شروح العوامل),,,
دار الكتب العلمية,1,الصرف والنحو,البركوي,متن العوامل  للبركوي (شروح العوامل),,,
دار ابن حزم,1,الصرف والنحو,أحمد بن قاسم العبادي,حاشية العبادي على حاشية اللقاني على شرح التصريف للتفتازاني,,,
دار ابن حزم,1,الصرف والنحو,ناصرالدين اللقاني,حاشية ناصرالدين اللقاني على شرح التصريف للتفتازاني (مع حاشية العبادي),,,
مكتبة المعارف,1,الصرف والنحو,عمر فاروق الطباع,الوسيط في قوائد الإملاء والإنشاء,,,
المكتبة البركات كوتكل,1,الصرف والنحو,أبو داود الأجبرمي,سلم الصبيان إلى أصول الزنجان,,,
دون عنوان,1,الصرف والنحو,أبو محمد القاسم الحريري,ملحة الإعراب ,,,
دون عنوان,1,الصرف والنحو,إسماعيل عثمان زين اليمني,إسعاف الطلاب بشرح نظم قواعد الإعراب في علم النحو (مع ملحة الإعراب ),,,
مطبعة دار إحياء الكتب العربية,1,الصرف والنحو,ابن هشام,مغني اللبيب عن كتب الأعاريب,,,
مطبعة دار إحياء الكتب العربية,1,الصرف والنحو,محمد أمير,حاشية الشيخ محمد الأميرعلى مغني اللبيب عن كتب الأعاريب (مع مغني اللبيب),,,
دار الكتب العلمية,3,الصرف والنحو,أحمد الشنقيطي,الدرر اللوامع على همع الهوامع شرح جمع الجوامع,,,
خطية,1,العروض والقافية والموسيقا,محمد الدمنهوري,الإرشاد الشافي على متن الكافي = الحاشية الكبرى على متن الكافي,,,
Orbit Publication,1,العروض والقافية والموسيقا,محمد أمير علي البخاري الثقافي,العسل الصافي في شرح متن الكافي ,,,
دار الكتب العلمية,1,العروض والقافية والموسيقا,الزمخشري,القسطاس في علم العروض,,,
مصورة,1,العروض والقافية والموسيقا,موسى بن أحمد البردلي,النخبة الكافية ,,,
أمانة الكتب,1,العروض والقافية والموسيقا,جابر بن محمد الفلكي,لمحة إلى العروض والقوافي,,,
جامعة الأزهر,1,العروض والقافية والموسيقا,عبد العظيم فتحي الخليل,ميزان الخليل للشعر العربي الأصيل,,,
دار الكتب العلمية,1,العروض والقافية والموسيقا,أحمد الهاشمي,ميزان الذهب في صناعة شعر العرب,,,
دون عنوان,1,العروض والقافية والموسيقا,محمد بن الحسن,خلاصة الوافي منظومة الكافي,,,
المطبعة الحفنية بدمشق,1,العروض والقافية والموسيقا,عبد الغني النابلسي,إيضاح الدلالات في سماع الآلات,,,
نشرة المورد مجلة تراثية فصلية بالعراق,1,العروض والقافية والموسيقا,شحادة علي الناطور,الغناء والموسيقي حتى نهاية العصر الأموي (مع إيضاح الدلالات في سماع الآلات),,,
نشرة المورد مجلة تراثية فصلية بالعراق,1,العروض والقافية والموسيقا,عدنان بن ذريل,الإيقاعات العربية (مع إيضاح الدلالات في سماع الآلات),,,
نشرة المورد مجلة تراثية فصلية بالعراق,1,العروض والقافية والموسيقا,سليمان الحوات,كشف القناع عن وجه تأثير الطبوع في الطباع - ارجوزة في طبوع الموسيقى الاندلسية (مع إيضاح الدلالات في سماع الآلات),,,
نشرة المورد مجلة تراثية فصلية بالعراق,1,العروض والقافية والموسيقا,مفضل بن سلمة الكوفي,كتاب الملاهي واسماعها من قبل الموسيقى (مع إيضاح الدلالات في سماع الآلات),,,
نشرة المورد مجلة تراثية فصلية بالعراق,1,العروض والقافية والموسيقا,أحمد الغزالي,بوارق الالماع في الرد على من يحرم السماع بالإجماع (مع إيضاح الدلالات في سماع الآلات),,,
نشرة المورد مجلة تراثية فصلية بالعراق,1,العروض والقافية والموسيقا,عبد الغني النابلسي,إيضاح الدلالات في سماع الآلات (مع إيضاح الدلالات في سماع الآلات),,,
نشرة المورد مجلة تراثية فصلية بالعراق,1,العروض والقافية والموسيقا,ابن ابي الدنيا,ذم الملاهي (مع إيضاح الدلالات في سماع الآلات),,,
نشرة المورد مجلة تراثية فصلية بالعراق,1,العروض والقافية والموسيقا,أسامة ناصر النقشبندي,مخطوطات الموسيقا والغناء المصورة في قسم المخطوطات بالمؤسسة العامة للآثار والتراث بغداد (مع إيضاح الدلالات في سماع الآلات),,,
نشرة المورد مجلة تراثية فصلية بالعراق,1,العروض والقافية والموسيقا,عادل البكري,صفي الدين الأرموي مجدد الموسيقا العباسية (مع إيضاح الدلالات في سماع الآلات),,,
نشرة المورد مجلة تراثية فصلية بالعراق,1,العروض والقافية والموسيقا,ليبرتي مافيك,السلم الموسيقى العربي في العصور الوسطى (مع إيضاح الدلالات في سماع الآلات),,,
نشرة المورد مجلة تراثية فصلية بالعراق,1,العروض والقافية والموسيقا,صفي الدين الأرموي,كتاب الأدوار(مع إيضاح الدلالات في سماع الآلات),,,
نشرة المورد مجلة تراثية فصلية بالعراق,1,العروض والقافية والموسيقا,أسامة النقشبندي,مخطوطات الموسيقا والغناء والسماع في مكتبة المتحف العراقي (مع إيضاح الدلالات في سماع الآلات),,,
نشرة المورد مجلة تراثية فصلية بالعراق,1,العروض والقافية والموسيقا,مؤلف مجهول,كشف الهموم والكرب في شرح آلة الطرب (مع إيضاح الدلالات في سماع الآلات),,,
نشرة المورد مجلة تراثية فصلية بالعراق,1,العروض والقافية والموسيقا,خالج إبراهيم عبد الله,حول الموسيقى العربية (مع إيضاح الدلالات في سماع الآلات),,,
مكتبة البدرية,1,العروض والقافية والموسيقا,أبو محمد باوا الويلتوري,التبيين الشافي على متن الكافي,,,
دار الكتب العلمية,1,العروض والقافية والموسيقا,ابن حجر الهيتمي,كف الرعاع عن محرمات اللهو والسماع,,,
جامعة الملك السعود,1,اللغة وعلومها,ناصف مصطفى عبد العزيز,العربية للحياة,,,
ponnu books,حبتان,اللغة وعلومها,الياس بن فضل الثقافي,التعبيرات العربية المعاصرة,,,
مكتبة الهدى,1,اللغة وعلومها,عبد الحميد عبد الحليم,المراسلات التجارية والمصطلحات العربية المعاصرة,,,
دار الفكر,1,اللغة وعلومها,السيوطي,المزهر في علوم اللغة وأنواعها,,,
الياسمين,1,الأدب, مريم الشناصي,المقصف الغذائي,,,
دار الفاروق ,1,اللغة وعلومها,إبراهيم عوض,النزعة النصرانية في قاموس المنجد ,,,
اتّحاد بكدبو ,1,اللغة وعلومها,ابو منصور الثعالبي,فقه اللغة,,,
الحكمة للنشر,1,اللغة وعلومها,عبد الحكيم علي الأزهري,كتاب الألفاظ والتعابير,,,
دار البصائر,1,اللغة وعلومها,محمد بن أحمد البحوتي ,شرح لذة السمع في نظم رسالة الوضع ,360,,
دار البصائر,1,اللغة وعلومها,يوسف الدجوي,خلاصة علم الوضع (مع شرح لذة السمع ),,,
دار الفتح,1,اللغة وعلومها,ابو الفاسم السمرقندي,شرح الرسالة العضدية في علم الوضع ,313,,
دار الأندلس,1,اللغة وعلومها,إسماعيل موسى اليوسف و شكري علاوي,كيف تتعلم الإنجليزية من غير معلم,,,
دار المواسم,1,اللغة وعلومها,محمد فريد,معجم الفروق في المعاني,,,
مؤسسة الرسالة,1,اللغة وعلومها,أبو هلال العسكري,الفروق في اللغة,,,
دون عنوان,1,اللغة وعلومها,إسماعيل حقي,كتاب الفروق,,,
جامعة المركز,1,اللغة وعلومها,إبراهيم نجا,المعاجم اللغوية ,,,
المكتبة الأزهرية,1,اللغة وعلومها,علي أكبر النجفي,الفروق اللغوية المسمى التحفة النظامية في الفروق الاصطلاحية,,,
مؤسسة الرسالة الناشرون,1,اللغة وعلومها,عبد الرحمن الهمذاني,الألفاظ الكتابية في علم العربية,,,
مؤسسة الرسالة الناشرون,1,اللغة وعلومها,سعيد بن سعد الحضرمي,منظومة تذكرة الحفاظ في بعض المترادف من الألفاظ (مع الألفاظ الكتابية في علم العربية),,,
المستشارية الثقافية,1,اللغة وعلومها,نور الدين الجزائري,فروق اللغات في التمييز بين مفاد الكلمات,,,
دار الكتب العلمية,2,المعاجم ,الزمخشري,أساس البلاغة ,,,
المكتبة العلمية,1,المعاجم ,أحمد بن محمد الفيومي,المصباح المنيرفي غريب الشرح الكبير للرافعي ,,,
دار الفكر,20,المعاجم ,مرتضى الزبيدي,تاج العروس من جواهر القاموس,,,
دار الجيل,4,المعاجم ,مجد الدين الفيروز آبادي,القاموس المحيط ,,,
دار الفكر,6,المعاجم ,ابن منظور الإفريقي,لسان العرب,,, 
مكتبة لبنان,1,المعاجم ,محمد الرازي,مختار الصحاح,,,
مكتبة لبنان ,1,المعاجم ,مسعد أبو الرجال,معجم الجيب للمرادفات والأضداد,,,
دار الرسالة العالمية,1,المعاجم ,النووي,تهذيب الأسماء واللغات,,,
إدارة النشر البهية,1,ديوان,عبد اللرحمن الأريكلي,الأريكليات = ديوان عبد الرحمن الأريكلي,,,
البشرى,1,ديوان,محمد إعزاز علي,حاشية محمد إعزاز علي على ديوان المتنبي,,,
دار مكتبة الهلال,1,ديوان,أبو نواس,ديوان أبي نواس = خمريات أبي نواس,,,
دار الكتب العلمية,1,ديوان,الإمام الشافعي,ديوان الإمام الشافعي ,,,
مكبتة كابتل,1,ديوان,أ.عبد البصير بن سليمان الثقافي بلاكل,البصيريات = ديوان عبد البصير بن سليمان الثقافي,,,
مجلس بركات الجامعة الأشرفية,1,ديوان,أبي الطيب أحمد بن حسين الجعفي,ديوان المتنبي,,,
نشرة المؤلف,1,ديوان,ندى يوسف الرفاعي,زهرة المصطفى عليها وعلى أبيها أزكى السلام,,,
دار الكتب العلمية,1,ديوان,أبو نواس,ديوان أبي نواس بشرح علي فاعور,,, 
مجلس بركات الجامعة الأشرفية,1,ديوان,نفيس أحمد المصباحي,ميزان المتربي لديوان المتنبي (مع ديوان المتنبي),,,
دار الفكر,4,ديوان,المتنبي,ديوان أبي الطيب المتنبي,,,
دار الفكر,4,ديوان,أبو البقاء العكبري,التبيان في شرح الديوان = شرح أبي البقاء العكبري لديوان المتنبي (ديوان المتنبي),,,
المكتبة التوفيقية,2,الأدب,الدميري,حياة الحيوان الكبرى,,,
دار الجيل,1,الأدب,الجاحظ,الحيوان,,,
أبناء مولوي محمد بن غلام,1,ديوان,ابن نباتة,ديوان خطب منبرية,,,
لجنة القادرية,1,ديوان,محمد دارمي القادري,ديوان محمد دارمي القادري,,,
بدون عنوان,1,ديوان,الحبيب عبد الله بن علويّ الحداد,ديوان الإمام الحداد = الدر المنظوم لذوي العقول والفهوم,,,
دار الحديث,7,التاريخ,ابن كثير,البداية والنهاية,,,
المركز الإسلامي دار المعارف,1,التاريخ,عبد الرحمن باوا المليباري,الخلافة الأموية,,,
المركز الإسلامي دار المعارف,1,التاريخ,عبد الرحمن باوا المليباري,الخلافة الراشدة,,,
المجمع الإسلامي العلمي,1,التاريخ,أبو الحسن الندوي,المسلمون في الهند,,,
دار الفكر,8,التاريخ,عبد الرحمن ابن خلدون,تاريخ ابن خلدون = ديوان المبتدأ والخبر في تاريخ العرب والبربر ومن عاصرهم من ذوي الشأن الأكبر,,,
دار العلم والمعرفة,3,التاريخ,عبد الرحمن الجبرتي,تاريخ الجبرتي = عجائب الآثار في التراجم والأخبار,,,
مجمع المركز للبحوث الاسلامية,٥ حبات,التاريخ,أبوبكر أحمد,تاريخ الدعوة الإسلامية في شبه القارة الهندية,,,
المركز الإسلامي دار المعارف,1,التاريخ,عبد الرحمن باوا المليباري,تاريخ العالم الإسلامي,,,
مكتبة ترورنغادي,1,التاريخ,زين الدين المخدوم,تحفة المجاهدين في بعض أخبار البرتغاليين,,,
دار الفكر,1,التاريخ,محمد يوسف كاندلوي,حياة الصحابة رضي الله عنهم ورضوا عينه,,, 
الشيخ خليفة بن حمدال,2,السيرة النبوية,محمّد أبو زهرة,خاتم النبيين,,,
مكتبة الحقيقة,1,التاريخ,أحمد بن زيني دحلان المكي,خلاصة الكلام في بيان أمراء البلد الحرام,,,
مكتبة الحقيقة,1,التاريخ,يوسف النبهاني,إرشاد الحيارة في تحذير المسلمين من مدارس النصارى (مع خلاصة الكلام),,,
مكتبة الحقيقة,1,التاريخ,عبد العني حمادة,فضل الذاكرين والرد على المنكرين (مع خلاصة الكلام),,,
المركز الإسلامي دار المعارف,1,التاريخ,عبد الرحمن باوا المليباري,خليل الله إبراهيم عليه السلام,,,
المركز الإسلامي دار المعارف,1,التاريخ,عبد الرحمن باوا المليباري,رئيس الزاهدين إبراهيم بن أدهم رضي الله عنه حياته وسيرته,,,
المجمع الإسلامي,1,التاريخ,ملك أحمد الفاروقي الغجراتي,زاد الأحباب في مناقب الأصحاب,,,
مؤسسة الرسالة,مجلد واحد فقط,التاريخ,شمس الدين الذهبي,سير أعلام النبلاء,,,
كتاب ناشرون,1,السيرة النبوية,عبد الله الشبراوي,شرح الصدر بغزوة بدر,,,
دار ابن حزم,1,التاريخ,ابن جرير الطبري,قصص الأنبياء,,,
دار الكتب العلمية,1,التاريخ,أحمد الثعلبي النيسابوري,قصص الأنبياء = عرائس المجالس ,,, 
دار الفكر,1,التاريخ,ابن كثير,قصص الأنبياء من القرآن والأثر,,,
دار العلوم ندوة العلماء,1,التاريخ,أبو الحسن الندوي,قصص النبيين للأطفال,,,
مؤسسة الرسالة,1,التاريخ,أبو الحسن الندوي,قصص النبيين للأطفال,,,
دار الكتب والوثائق القومية,1 جلد فقط,التاريخ,أحمد المقريزي,كتاب السلوك لمعرفة دول الملوك,,,
المركز الإسلامي دار المعارف,1,التاريخ,عبد الرحمن باوا المليباري,واحة العدل في قاحة الجور ,,,
المركز الإسلامي دار المعارف,1,التاريخ,عبد الرحمن باوا المليباري,وفيات الأبرار,,,
دار ابن كثير,11,التراجم والطبقات,ابن العماد,شذرات الذهب في أخبار من ذهب,,,
دار الكتب العلمية,1,التراجم والطبقات,أحمد أمين,زعماء الإصلاح في العصر الحديث,,,
دار الفكر,1,التاريخ,قطب الدين الحنفي,تاريخ المدينة المنورة ,,,
المجمع الإسلام العلمية,1,التاريخ,أبو الحسن علي الندوي,أضواء على الحركات والدعوات الدينية ......في الهند,,,
المجمع العلمي,1,التاريخ,عبد الرحمن السويدي البغدادي,حديقة الزوراء في سيرة الوزراء,,,
دار القلم ,5,التاريخ,شاه ولي الله الدهلوي,إزالة الخفاء عن خلافة الخلفاء,,,
دار الأندلس,1,التاريخ,أبو الوليد محمد الأزرقي,أخبار مكة وما جاء فيها من الآثار,,,
بدون عنوان,1,التاريخ,منصور بن ناصر,غزوة بدر الكبرى كأنك تراها,,,
مكتبة دار الكتب الوثائق القومية,3,التاريخ,علي باشا مبارك,الخطط التوفيقية الجديدة لمصر والقاهرة ومدنها وبلادها القديمة والشهيرة,,,
مؤسسة الفرقان للتراث الإسلامي,2,التاريخ,ابن فهد ,نيل المنى بذيل بلوغ القرى لتكملة إتحاف الورى,,,
مكتبة الحقيقة,1,التاريخ ,أحمد بن زيني دحلان المكي,الدولة العثمانية من كتاب الفتوحات الإسلامية,,,
المركز الإسلامي دار المعارف,حبتان,التراجم والطبقات,عبد الرحمن باوا المليباري,أبو البشر,,,
دار الكتب العلمية,1,التراجم والطبقات,أحمد بن عجيبة الحسني,أزهار البستان في طبقات الأعيان,,,
دار الفكر,6,التراجم والطبقات,ابن الأثير,أسد الغابة في معرفة الصحابة,,,
المكتبة العلمية ,1,التراجم والطبقات,خالد سالم السداني,أعلام إسلامية من شبه قارة الهندية,,,
مركز جمعة الماجد ,1,التراجم والطبقات, جمال الدين الفاروقي,أعلام المؤلفين بالعربية في البلاد الهندية,,,
دار ابن حزم,1,التراجم والطبقات, محمد الخضري,إتمام الوفاء في سيرة الخلفاء,,, 
المركز الإسلامي دار المعارف,1,التراجم والطبقات,عبد الرحمن باوا المليباري,إمام المحدثين محمد بن إسماعيل البخاري رضي الله عنه,,,
جامعة ام القرى المملكة السعودية,1,التراجم والطبقات,لمياء أحمد الشافعي,ابن حجر الهيتمي المكي وجهوده في الكتابة التاريخية,,,
دار الفكر,27,التراجم والطبقات,أبو الفرج الإصفهاني,الأغاني,,,
دار الفكر,7,التراجم والطبقات, ابن حجر العسقلاني,الإصابة في تمييز الصحابة ,,, 
المركز الإسلامي دار المعارف,1,التراجم والطبقات,عبد الرحمن باوا المليباري,الإمام الشافعي رضي الله عنه مناقبه ومواهبه,,,
إبداع,3,التراجم والطبقات,الحافظ ابن عبد البر,الاستيعاب في معرفة الأصحاب,,,
إبداع,3,التراجم والطبقات,الحافظ ابن عبد البر,الإنباح على قبائل الروات (مع الاستيعاب في معرفة الأصحاب),,,
إبداع,3,التراجم والطبقات,ابن الأمين محمد,الاستدراك على الاستيعاب(مع الاستيعاب في معرفة الأصحاب),,,
مكتبة الإرشاد,1,التراجم والطبقات,محمد باعلوي الشلي اليمني,السنا الباهر بتكميل النور السافر في أخبار القرن العاشر,,,
المركز الإسلامي دار المعارف,1,التراجم والطبقات,عبد الرحمن باوا المليباري,السيدة نفيسة المصرية,,,
دار الكتب العلمية,1,التراجم والطبقات,مصطفى محي الدين الهدوي,الشيخ معين الدين الجشتي الأجميري حياته ودعوته وآثاره,,,
دار الفكر ,1,التراجم والطبقات,الشعراني,الطبقات الكبرى = لواقح الأنوار في طبقات الأخيار(مجلد واحد),,,
دار ضياء الشام,2,التراجم والطبقات,الشعراني,الطبقات الكبرى = لواقح الأنوار في طبقات الأخيار,,,
دار الصادر,5,التراجم والطبقات,محمد عبد الرؤوف المناوي,الكواكب الدرية في تراجم السادة الصوفية = الطبقات الكبرى,,,
طبع إستنبول,1,التراجم والطبقات,أبو الهدى الصيادي,الكوكب الزاهر في مناقب الغوث عبد القادر,,,
عالم المعرفة,1,التراجم والطبقات,عبد الله مرداد,المختصر من كتاب نشر النور والزهر في تراجم أفاضل مكة,,,
المطبعة العامرة الشرفية مصر,2,التراجم والطبقات,السيد محمد باعلوي الشلي اليمني,المشرع الروي في مناقب السادة الكرام آل أبي علوي,,,
دار الفكر,9,التراجم والطبقات,الجلال السيوطي,المنهج السوي في ترجمة الإمام النووي (مع شرح مسلم),,,
جمعية الطلبة مسلك الفلاح,1,التراجم والطبقات,كي كي كنج علي مسليار,المهمة في بيان الأئمة المذكورين في فتح المعين ,,,
المكتبة الأسدية مكة المكرمة,1,التراجم والطبقات,عبد الله الغازي المكي,نظم الدرر في اختصار نشر النور والزهر في تراجم أفاضل أهل مكة من القرن العاشر إلى القرن الرابع عشر,,, 
دار صادر,1,التراجم والطبقات,عبد القادر العيدروسي,النور السافر عن أخبار القرن العاشر,,,
لجنة مدرسة هداية الطلبة,1,التراجم والطبقات,بيران كتي الكيفتي,الورقات في ذكر الأنبياء المذكورين في القرآن الكريم,,,
المنظمة المغربية للتربية والثقافة والعلوم,1,التراجم والطبقات,ملخصها مجهول,مهجة البهجة ومحجة اللهجة ( بهجة الأسرار = زبدة بهجة الأسرار ومعدن الأنوار في مناقب الجيلاني للشطنوفي),,,
دار الكتب العلمية,1,التراجم والطبقات, فريد الدين العطار,تذكرة الأولياء,,, 
بدون عنوان,1,التراجم والطبقات,عبد القادر القادري,تفريج الخاطر في مناقب تاج الأولياء وبرهان الأصفياء الشيخ عبد القادر الكيلاني,,,
دار المنهاج,1,التراجم والطبقات,عمر علوي بن أبي بكر الكاف,خلاصة الخبر عن بعض أعيان القرنين العاشر والحادي عشر,,,
دار الكتب العلمية,1,التراجم والطبقات,عبد الله اليافعي,خلاصة المفاخر في أخبار الشيخ عبد القادر,,,
دار الفكر,1,التراجم والطبقات,خالد محمد خالد,رجال حول الرسول ﷺ,,, 
دار الفكر,18,التراجم والطبقات,حافظ الذهبي,سير أعلام النبلاء,,,
دار الفكر,18,التراجم والطبقات,حافظ الذهبي,أحكام الرجال من ميزان الاعتدال في نقد الرجال (مع سير أعلام النبلاء),,,
دار الفكر,1,التراجم والطبقات,أبو عبد الرحمن السلمي,طبقات الصوفية ,,, 
دار الكتب العلمية,1,التراجم والطبقات,السيوطي,طبقات المفسرين,,, 
مركز ملك فيصل,2,التراجم والطبقات,محمد باعلوي الشلي اليمني,عقد الجواهر والدرر في أخيار القرن الحادي عشر,,,
المركز الإسلامي دار المعارف,1,التراجم والطبقات,عبد الرحمن باوا المليباري,قصة يوسف عليه السلام ,,,
دار المنهاج,6,التراجم والطبقات,الطيب بامخرمة الحضرمي,قلادة النحر في وفيات أعيان الدهر,,,
مكتبة القاهرة,1,التراجم والطبقات,أحمد بن عطاء الله السكندري,لطائف المنن في مناقب سيدي الشيخ أبي العباس المرسي وشيخه الشيخ أبو الحسن,,,
دار المنهاج,1,التراجم والطبقات,عمر بن حامد الجيلاني,لفت النظر إلى من لم يرد ذكرهم في خلاصة الخبر (مع خلاصة الخبر),,,
منظمة مصباح السعداء للطلبة,1,التراجم والطبقات,عبد القادر القادري,مناقب المنتخبين من اتباع التابعين,,,
المكتبة الأسدية مكة المكرمة,1,التراجم والطبقات,عبد الله الغازي المكي,نثر الدرر في تذييل نظم الدرر (مع النظم الدر),,,
دار الكتب العلمية,6,التراجم والطبقات,ابن خلكان,وفيات الأعيان وأنباء أبناء الزمان,,,
دار الكتب العلمية,1,التراجم والطبقات,أبو الهدى محمد الصيادي,قلادة الجواهر في ذكر الغوث الرفاعي وأتباعه الأكابر,,,
ISB Mampuram,1,التراجم والطبقات,مركار مسليار كودنجيري,جامع الأخبار في سادات الأخيار(مناقب بعض أهل البيت),,,
الجيل الجديد,5,التراجم والطبقات,أبو الحسن علي الخزرجي,العقد الفاخر الحسن في طبقات أكابر أهل اليمن = طراز أعلام الزمن في طبقات أعيان اليمن,,,
دار المنهاج,1,التراجم والطبقات,الزبيدي,طبقات الخواص أهل الصدق والإخلاص,,,
دار الكتب العلمية,1,التراجم والطبقات,عبد المجيد الزعبي,إتحاف الأكابر في سيرة ومناقب الإمام محي الدين عبد القادر الجيلاني,,,
دار الشروق جدة,1,التراجم والطبقات,مجهول,تراجم أعيان المدينة المنورة في القرن ١٢ الهجري,,,
دار الكتب العلمية,1,التراجم والطبقات,مؤمن بن حسن الشبلنجي,نور الأبصار في مناقب آل بيت النبي المختار ﷺ,,,
دار الكتب العلمية,1,التراجم والطبقات,نور الدين الشطنوفي,بهجة الأسرار ومعدن الأنوار في بعض مناقب القطب الرباني محي الدين عبد القادر الجيلاني,,,
دار الكتب العلمية,حبتان,التراجم والطبقات,الرازي,مناقب الإمام الشافعي,,,
المطبعة الوهبية مصر,4,التراجم والطبقات,محبي,خلاصة الأثر في أعيان القرن الحادي عشر,,,
نشرة المؤلف,1,التراجم والطبقات,أحمد غزالي الإندونيسي,تحفة الراوي في ترجمة الشيخ محمد نووي الجاوي,,,
دار الكاتب,1,التراجم والطبقات,أحمد بابا التنبكتي,نيل الإبتهاج بتطريز الديباج,,,
المكتبة التجارية مكة المكرمة,1,التراجم والطبقات,علي بن عبد القادر الطبري,الأرج المسكي في التاريخ المكي وتراجم الملوك والخلفاء,,,
مركز زايد ,7,التراجم والطبقات,ابن أثير,المختار من مناقب الأخيار,,,
دار الكتب العلمية  ,1,التراجم والطبقات,محمد عبد الررؤوف المناوي,سيدة نساء أهل الجنة فاطمة الزهراء = إتحاف السائل بما لفاطمة من المناقب,,,
دائرة الشؤون الإسلامية ,1,التراجم والطبقات,السيوطي,الثغور الباسمة في مناقب السيدة فاطمة (مع سيدة نساء أهل الجنة فاطمة الزهراء),,,
كلية التربية للبنات,1,التراجم والطبقات, عبد الله بن إبراهيم الميرغني,الدرة اليتيمة في بعض فضائل السيدة العظيمة  (مع سيدة نساء أهل الجنة فاطمة الزهراء),,,
دار العاصمة,2,التراجم والطبقات,أبو الطيب نايف المنصوري,الروض الباسم في تراجم شيوخ الحاكم,,,
دار الكتب العلمية,1,التراجم والطبقات,إبراهيم الديري,الروض الزاهر في مناقب الشيخ عبد القادر,,,
دار الكتب العلمية,1,التراجم والطبقات,نصر العسقلاني,النور السافر في مناقب سيدي علي بن مسافر (مع الروض الزاهر),,,
بدون عنوان,5,السيرة النبوية,محمد بن عبد العزيز أولياء,10*10=1,,,
أبناء مولوي محمد بن غلام,1,السيرة النبوية,محمد بن على الصبان,إسعاف الراغبين في سيرة المصطفى ﷺ  وفضائل أهل بيته الطاهرين (مع نور الأبصار),,,
مركز أهل السنة بركات رضا,1,المدائح النبوية,أحمد رضا البريلوي,الأمن والعلى لناعتي المصطفى بدافع البلا,,,
مكتبة التوفيقية,1,السيرة النبوية,البغوي,الأنوار في شمائل النبي ﷺ المختار,,,
مكتبة الخانجي بالقاهرة  مصورة,1,السيرة النبوية,أبو الخطاب ابن دحية,الابتهاج في أحاديث المعراج,,,
دار الكتب العلمية,2,السيرة النبوية,السيوطي,الخصائص الكبرى = كفاية الطالب اللبيب في خصائص الحبيب ,,, 
دار الفكر,3,السيرة النبوية,نور الدين علي الحلبي,السيرة الحلبية = إنسان العيون في سيرة الأمين المأمون,,,
دار الكتب العلمية,1,السيرة النبوية,ابن هشام,السيرة النبوية,,,
مركز علوم الحديث النبوية,1,السيرة النبوية,عبد الكريم الحمزاوي,الشعرات النبوية الشريفة  في مشهد الإمام الحسين بجامع بني أمية بدمشق,,,
دار الكتب العلمية,1,السيرة النبوية,عبد المحمود الطيّبي,الشمائل المحمدية = الرياض البواسم على نفحات النسائم وربيع العوالم في شمائل سيدنا أبي القاسم ﷺ,,, 
وزارة الأوقاف قطر,2,السيرة النبوية,محمد راغب الطباخ,الفتح المبين على كتاب نور اليقين ,,,
دار الكتب العلمية,3,السيرة النبوية,القسطلاني,المواهب اللدنية بالمنح المحمدية,,,
الدار المصرية اللبنانية,1,السيرة النبوية,السيوطي,النهجة السوية فى الأسماء النبوية,,,
دار المنهاج,1,السيرة النبوية,محمد طاهر الكردي,تبرك الصحابة بآثار رسول الله  ﷺ وبيان فضله العظيم,,,
إصدارات المجمع الثقافي,2,السيرة النبوية,ابن الرصاع / محمد بن قاسم الرصاع,تذكرة المحبين شرح أسماء سيد المرسلين,,,
دار الكتب العلمية,1,السيرة النبوية,السيوطي,ثلاث رسائل,,,
دار الكتب العلمية,1,السيرة النبوية,السيوطي,الباهر في حكم النبي ﷺ بالباطن والظاهر (مع ثلاث رسائل),,,
دار الكتب العلمية,1,السيرة النبوية,السيوطي,طره السقط ونظم اللقط (مع ثلاث رسائل),,,
دار الكتب العلمية,1,السيرة النبوية,السيوطي,,,,
دار الكتب العلمية,7,السيرة النبوية,ابن ناصر الدين الدمشقي,جامع الآثار في مولد النبي المختار ﷺ,,, 
دار المنهاج,1,السيرة النبوية,محمد بحرك الحضرمي,حدائق الأنوار و مطالع الأسرار في سيرة النبي المختار ﷺ,,, 
وزارة الأوقاف قطر,2,السيرة النبوية,محب الدين أحمد الطبري,خلاصة سير سيد البشر,,,
دار الفكر,2,السيرة النبوية,البيهقي,دلائل النبوة,,,
دار الكتب العلمية,14,السيرة النبوية,الصالحي الشامي,سبل الهدى والرشاد في سيرة خير العباد ﷺ,,,
المركز الإسلامي دار المعارف,1,السيرة النبوية,عبد الرحمن باوا المليباري,سيرة سيد البشر ﷺ,,,
دار الكتب العلمية,12,السيرة النبوية,الزرقاني,شرح الزرقاني على المواهب اللدنية بالمنح المحمدية,,,
دار الكتب العلمية,2,السيرة النبوية,الملا علي القاري,شرح الشفا للقاضي عياض,,,
دار الكتب العلمية,1,السيرة النبوية,ابن طولون الصالحي,مرشد المختار إلى خصائص المختار,,,
دار الفكر,1,السيرة النبوية,محمد بن قاسم جسوس,شرح الشمائل المحمدية = الفوائد الجليلة البهية,,,
دار الفكر,1,المدائح النبوية,محمد بن قاسم جسوس,لوامع أنوار الكوكب الدر في شرح همزية البوصيري (مع شرح الشمائل المحمدية),,,
دار المأمون للتراث,1,السيرة النبوية,الترمذي,شمائل النبي ﷺ,,,
دار الحاوي,4,السيرة النبوية,عبد الله اللحجي,منتهى السول على وسائل الوصول إلى شمائل الرسول  ﷺ,,,
دار الكتب العلمية,1,السيرة النبوية,محمد بن علوي المالكي,محمّد ﷺ الإنسان الكامل,,,
دار الكتب العلمية,6,السيرة النبوية,شهاب الدين أحمد الخفاجي,نسيم الرياض في شرح الشفا,,,
دار المنهاج,1,السيرة النبوية,ابن سيد الناس,نور العيون في تلخيص سيرة الأمين المأمون ﷺ,,,
مكبتة إشاعة الإسلام,1,السيرة النبوية,محمد الحضيري بك,نور اليقين في سيرة سيد المرسلين ﷺ,,,
دار الكتب العلمية,1,السيرة النبوية,السيد علوي المالكي,وهو بالأفق الأعلى,,, 
دار الكتب العلمية,1,السيرة النبوية,السيد علوي المالكي,الأنوار البهية من إسراء ومعراج خير البرية (مع وهو بالأفق الأعلى),,,
دار الكتب العلمية,2,سيرة النبوية,ابن عابدين,العلم الظاهر في نفع نسب الطاهر (مع مجموعة رسائل ابن عابدين ج١),,,
مكتبة الحقيقة,1,السيرة النبوية,يوسف النبهاني,حجة الله على العالمين في معجزات سيد المرسلين,,,
دار المنهاج,1,السيرة النبوية,يوسف النبهاني,وسائل الوصول إلى شمائل الرسول,,,
مجمع المركز للبحوث الاسلامية,حبتان,المدائح النبوية,أبوبكر أحمد,إظهار الفرح والسرور بميلاد النبي المبرورﷺ,,,
الديوان الرفاعي,1,المدائح النبوية,جعفر بن حسن ,عقد الجوهر في مولد النبي الأزهر ﷺ,,,
إصدارة الساحة الخزرجية,1,السيرة النبوية,أبوبكر أحمد,تعظيم أهل الصفا لشعرات سيدنا المصطفىﷺ,,,
دار الفكر,4,السيرة النبوية,يوسف النبهاني,جواهر البحار في فضائل النبي المختار ﷺ,,,
دار الكتب العلمية,4,السيرة النبوية,يوسف النبهاني,جواهر البحار في فضائل النبي المختار ﷺ,,,
دار الكتب المصرية - نسخة مطبوعة في عصر المؤلف,4,السيرة النبوية,يوسف النبهاني,جواهر البحار في فضائل النبي المختار ﷺ,,,
دار المعرفة,1,السيرة النبوية,قطب الدين الخيضري,اللفظ المكرم بخصائص النبي ﷺ,,,
دار الكتب العلمية,1,السيرة النبوية,أحمد المقري,فتح المتعال في مدح النعال,,,
دار الكتب العلمية,2,السيرة النبوية,سليمان الجمل,المواهب المحمدية بشرح الشمائل الترمدية,,,
المكتبة الشعبية,1,السيرة النبوية,النبهاني,حجة الله على العالمين في معجزات سيد المرسلين,,,
كتاب ناشرون,1,المدائح النبوية,جعفر البرزنجي,شرح مولد البرزنجي (الكوكب الأنوار على عقد الجوهر في مولد النبي الأنور),,,
دار الكتب العلمية,1,السيرة النبوية,السيد علوي مالكي,الإعلام بفتاوى أئمة الإسلام حول مولده عليه الصلاة والسلام,,,
دار الكتب العلمية,1,السيرة النبوية,يوسف هاشم الرفاعي,دفع بعض الإعتراضات على كتاب حول الاحتفال بذكرى المولد (مع الإعلام بفتاوى أئمة الإسلام),,,
دار الكتب العلمية,1,السيرة النبوية,محمد علي ابن حسين المالكي,الهدى التام في موارد المولد النبوي ومااعتيد فيه من القيام  (مع الإعلام بفتاوى أئمة الإسلام),,,
دار الكتب العلمية,1,السيرة النبوية,عبد العزيز ابن باز,هل نحتفل ؟ فتوى مركز الدعوة والإرشاد (مع الإعلام بفتاوى أئمة الإسلام),,,
دار الكتب العلمية,1,السيرة النبوية,محمد بن يوسف الشامي,فصول عن المولد الشريف من السيرة النبوية المسماة سبل الهدى والرشاد (مع الإعلام بفتاوى أئمة الإسلام),,,
دار التقوى,1,المدائح النبوية,شهاب الدين القسطلاني,مشارق الأنوار المضية = شرح البردة,,,
دار ابن حزم,1,السيرة النبوية,صفي الرحمن المباركفوري,الرحيق المختوم بحث في السيرة النبوية على صاحبها أفضل الصلاة والسلام,,,
مصطفى البابي الحلبي وأخويه بمصر,2,السيرة النبوية,الملا علي القاري,جمع الوسائل في شرح الشمائل ,,,
مصطفى البابي الحلبي وأخويه بمصر,2,السيرة النبوية,عبد الرؤوف المناوي,شرح الشمائل للمناوي (مع جمع الوسائل في شرح الشمائل) ,,,
مركز جمعة الماجد,1,المدائح النبوية,سليمان الجمل,الفتوحات الأحمدية بالمنح المحمدية على متن الهمزية = حاشية الجمل على الهمزية,,,
مركز جمعة الماجد,1,المدائح النبوية,أحمد الصاوي,تقريرات أحمد الصاوي على حاشية الجمل على الهمزية (مع الفتوحات الأحمدية),,,
جائزة دبي,1,المدائح النبوية,طاهر الحلبي,وشي البردة = شرح بردة البوصيري,,,
دار الإحسان,1,السيرة النبوية,محمد المرعشي ساجقلي زاده,السرور والفرح في حق أبوي النبي ﷺ = الرد على ملا علي القاري,,,
دار الإحسان,1,السيرة النبوية,محمد بن قاسم الأماسي,أنباء الاصطفا في حق آباء المصطفى ﷺ (مع السرور والفرح),,,
دار الإحسان,1,السيرة النبوية,ابن كمال باشا,تفصيل ما قيل في حق أبوي الرسول ﷺ (مع السرور والفرح),,,
دار الإحسان,1,السيرة النبوية,علي بن الجزار المصري,تحقيق آمال الراجين بأن والدي المصطفى من الناجين (مع السرور والفرح),,,
دار الإحسان,1,السيرة النبوية,علي بن صادق الداغستاني,إثبات النجاة والإيمان لوالدي سيد بني عدنان (مع السرور والفرح),,,
دار الإحسان,1,السيرة النبوية,نوح بن مصطفى الرومي,مقدمة مرشد الهدى في حق أبوي الرسول ﷺ (مع السرور والفرح),,,
دار الكتب العلمية,حبتان,المدائح النبوية,ابن حجر الهيتمي,إتمام النعمة الكبرى على العالم بمولد سيّد ولد آدم =النعمة الكبرى على العالم,,,
دار الفقيه,1,المدائح النبوية,البوصيري,بردة المديح المباركة و القصيدة المضرية والقصيدة المحمدية,,,
دار التقوى,3,المدائح النبوية,ابن مرزوق الحفيد,إظهار صدق المودة في شرح البردة,,,
دار الكتب العلمية,1,المدائح النبوية,ابن عجيبة,الأنوار القدسية في شرح القصيدة الهمزية للبوصيري,,,
كتاب ناشرون,1,المدائح النبوية,علي حرازم بن عربي براده,الإرشادات الربانية بالفتوحات الإلهية على متن الهمزية,,,
كتاب ناشرون,1,المدائح النبوية,محمد فتحا النضيفي,الأطرزة الإبريزية على القصيدة الهمزية (مع الإرشادات الربانية),,,
منجنادي طبعة أولى,1,المدائح النبوية,عباس الكانجنغادي,البنيان المرصوص في شرح مولد المنقوص,,,
منجنادي طبعة ثانية,1,المدائح النبوية,عباس الكانجنغادي,البنيان المرصوص في شرح مولد المنقوص,,,
دار الحديث الكتانية,1,المدائح النبوية,محمد عبد الحي الكتاني,التآليف المولدية في التعريف بما أفرد بالتصنيف في المولد الشريف,,,
AL KAMAL OFFSET,1,المدائح النبوية,حسن محمد شداد,الاستغفار (قصيدة),,,
AL KAMAL OFFSET,1,المدائح النبوية,حسن محمد شداد,المنفرجة,,,
AL KAMAL OFFSET,1,المدائح النبوية,حسن محمد شداد,المحمدية,,,
AL KAMAL OFFSET,1,المدائح النبوية,حسن محمد شداد,عبير الوردة على نهج البردة في مدح النبي الأعظم,,,
دار الكتب العلمية,1,المدائح النبوية,ابن علان,الذخر والعدة في شرح البردة,,,
دار اللباب,1,المدائح النبوية,الملا علي القاري,الزبدة في شرح البردة,,,
دار الكتب العلمية,1,المدائح النبوية,ابن عجيبة,العمدة في شرح البردة,,,
مكتبة الأمين,1,المدائح النبوية,ابن حجر الهيتمي,العمدة في شرح البردة,,,
إصدار الساحة الخزرجية,1,المدائح النبوية,محمّد بن أبي بكر بن رشيد الوتري,القصائد الوتريّة في مدح خير البريّة,,,
,1,المدائح النبوية,محمّد بن أبي بكر بن رشيد الوتري,القصائد الوتريّة في مدح خير البريّة (نسحة المنقحة),,,
كاتب شميراس,1,المدائح النبوية,صدقة الله القاهري,(القصيدة الوترية) = تخميس القصائد الوترية ,,,
دار الفكر,4,المدائح النبوية,يوسف النبهاني,المجموعة النبهانية في المدائح النبوية,,, 
دار الكتب العلمية,4,المدائح النبوية,يوسف النبهاني,المجموعة النبهانية في المدائح النبوية ,,,
دار المنهاج,1,المدائح النبوية,ابن حجر الهيتمي,المنح المكية في شرح الهمزية,,,
دار طوق النجاة,1,المدائح النبوية,عيسى البيانوني,فتح المجيب في مدح الحبيب ﷺ,,,
مكتبة الأمين ، منجيري,2,المدائح النبوية,ابن حجر الهيتمي,النعمة الكبرى على العالم بمولد سيد ولد آدم ﷺ,,,
مكتبة الأمين ، منجيري,2,المدائح النبوية,عبد البصير بن سليمان الثقافي بلاكل,درر الخبر حول الإمام الهيتمي ابن حجر (مع النعمة الكبرى),,,
مكتبة الأمين ، منجيري,2,المدائح النبوية,عبد البصير بن سليمان الثقافي بلاكل,كشف الغبر عن درر الخبر حول الإمام الهيتمي ابن حجر (مع النعمة الكبرى),,,
مكتبة الأمين ، منجيري,2,المدائح النبوية,عبد البصير بن سليمان الثقافي بلاكل,"زيف المفترى على مولد الهيتمي ""النعمة الكبرى"" (مع النعمة الكبرى)",,,
مكتبة الأمين ، منجيري,2,المدائح النبوية,ابن حجر الهيتمي,ملخص النعمة الكبرى على العالم بمولد سيد ولد آدم ﷺ (مع النعمة الكبرى),,,
مكتبة الأمين ، منجيري,2,المدائح النبوية,عبد البصير بن سليمان الثقافي بلاكل,قطر الوسم على ملخص النعمة الكبرى للهيتمي (مع النعمة الكبرى),,,
مكتبة الأمين ، منجيري,2,المدائح النبوية,ابن حجر الهيتمي,مختصر النعمة الكبرى على العالم بمولد سيد ولد آدم ﷺ (مع النعمة الكبرى),,,
مكتبة الأمين ، منجيري,2,المدائح النبوية,عبد البصير بن سليمان الثقافي بلاكل,ميط الحجر عن مختصر النعمة الكبرى لابن حجر (مع النعمة الكبرى),,,
مكتبة الأمين ، منجيري,2,المدائح النبوية,إبراهيم البيجوري,تحفة البشر على مولد ابن حجر (مع النعمة الكبرى),,,
مكتبة الأمين ، منجيري,2,المدائح النبوية,عبد البصير بن سليمان الثقافي بلاكل,طرفة البشر على تحفة البشر على مولد ابن حجر (مع النعمة الكبرى),,,
دار الكتب العلمية,1,المدائح النبوية,حسن العدوي الحمزاوي,النفحات الشاذلية في شرح البردة البوصيرية,,,
كشيدة للنشر والتوزيع,1,المدائح النبوية,إبراهيم البيجوري,تحفة البشر على مولد ابن حجر,,,
أبناء مولوي محمد بن غلام,1,المدائح النبوية,إبراهيم البيجوري,حاشية الباجوري على البردة,,,
دار الكتب العلمية,1,المدائح النبوية,بدر الدين الزركشي,حاشية البردة ,,,
كلية دعوة الإسلام نصرة الإسلام,1,المدائح النبوية,محمد فيصل الأحسني الصديقي,دراسة مقارنة بين القصيدة البردة والقصائد القادرية للشيخ الكندوري,,,
دار الكتب العلمية,1,المدائح النبوية,محمد بن قاسم القادري,سعادة الأمة بمولد عين الرحمة ﷺ,,,
دار ابن حزم,1,المدائح النبوية,ابن مقلاش الوهراني,شرح البردة البوصيرية = الشرح المتوسط,,,
أبناء مولوي محمد بن غلام,1,المدائح النبوية,خالد الأزهري,شرح البردة للشيخ خالد الأزهري (مع حاشية الباجوري على البردة),,,
المكتبة البدرية,1,المدائح النبوية,أبو محمد الويلتوري,شرح المولد المنقوص = احتذاء النصوص على قراءة المنقوص,,,
مكتبة المدينة,1,المدائح النبوية,السيد عمر أفندي الخربوتي,عصيدة  الشهدة بشرح قصيدة البردة ,,,
دار الكتب العلمية,1,المدائح النبوية,جمع من المؤلفين,مجموع لطيف أنسي في صيغ المولد النبوي القدسي نثرا ونظما,,,
دار الكتب العلمية,1,المدائح النبوية,الحاج الأحسن ابن محمد السوسي,إعلام جهال بحقيقة الحقائق بأسنة نصوص كلام سيد الخلائق (مع مجموع لطيف أنسي),,,
دار الكتب العلمية,1,المدائح النبوية,محمد بن جعفر الكتاني,إسعاف الراغب الشائق بخبر ولادة خير الأنبياء وسيد الخلائق (مع مجموع لطيف أنسي),,,
دار الكتب العلمية,1,المدائح النبوية,محمد الكتاني,اليمن والإسعاد بمولد خير العباد (مع مجموع لطيف أنسي),,,
دار الكتب العلمية,1,المدائح النبوية,محمد الحجوجي,بلوغ القصد والمرام بقراءة مولد خير الأنام (مع مجموع لطيف أنسي),,,
دار الكتب العلمية,1,المدائح النبوية,أبو علي الحسن بن عمر مزور,شفاء السقيم بمولد النبي الكريم (مع مجموع لطيف أنسي),,,
دار الكتب العلمية,1,المدائح النبوية, عبد الرحمن ابن علي الديبعي,مولد عبد الرحمن ابن علي الديبعي (مع مجموع لطيف أنسي),,,
دار الكتب العلمية,1,المدائح النبوية,فضول الحوالي الصوفي,قصة المولد النبوي لخير البرية (مع مجموع لطيف أنسي),,,
دار الكتب العلمية,1,المدائح النبوية,أحمد بن محمد العلمي الفاسي ,مولد أحمد بن محمد العلمي الفاسي (مع مجموع لطيف أنسي),,,
دار الكتب العلمية,1,المدائح النبوية,محمد الشنجيتي التيجان,مولد إنسان الكمال (مع مجموع لطيف أنسي),,,
دار الكتب العلمية,1,المدائح النبوية,المناوي,مولد المناوي (مع مجموع لطيف أنسي),,,
دار الكتب العلمية,1,المدائح النبوية,ابن الجوزي,مولد العروس (مع مجموع لطيف أنسي),,,
دار الكتب العلمية,1,المدائح النبوية,حسن محمد عبدالله شداد,فيض الأنوار في دكرى مولد النبي المختار (مع مجموع لطيف أنسي),,,
دار الكتب العلمية,1,المدائح النبوية,محمد عثمان الميرغني,الأسرار الربانية في مولد النبي ﷺ (مع مجموع لطيف أنسي),,,
دار الكتب العلمية,1,المدائح النبوية,محمد بن علوي المالكي,البيان والتعريف في ذكرى المولد النبوي الشريف(مع مجموع لطيف أنسي),,,
دار الكتب العلمية,1,المدائح النبوية,يوسف النبهاني,جواهر النظم البديع في المولد الهادي الشفيع (مع مجموع لطيف أنسي),,,
دار الكتب العلمية,1,المدائح النبوية,محمد بن عبد الهادي,ابتهالات النصر والفرج للداعي إلى الله تعالى  (مع مجموع لطيف أنسي),,,
دار الكتب العلمية,1,المدائح النبوية,عبد اللطيف بن موسى اليمني,الكبريت الأحمر في الصلاة على من أنزل عليه إنا أعطيناك الكوثر (مع مجموع لطيف أنسي),,,
دار الكتب العلمية,1,المدائح النبوية,أحمد بن موسى اليمني,حسن الأمان في مناجاة الرحمن (مع مجموع لطيف أنسي),,,
دار الكتب العلمية,1,المدائح النبوية,محمد بن علوي المالكي,باقة عطرة من صيغ الموالد والمدائح النبوية لنخبة من علماء الإسلام وشعرائه (مع مجموع لطيف أنسي),,,
دار الكتب العلمية,1,المدائح النبوية,محمد بن سالم الحسني,قرة العين بجواب أسئلة واد العين (مع مجموع لطيف أنسي),,,
دار الكتب العلمية,1,المدائح النبوية,محمد بن سالم,نظم مولد الحافظ ابن كثير (مع مجموع لطيف أنسي),,,
دار الكتب العلمية,1,المدائح النبوية,جعفر البرزنجي,مولد البرزنجي (نثر) (مع مجموع لطيف أنسي),,,
دار الكتب العلمية,1,المدائح النبوية,زين العابدين البرزنجي,مولد البرزنجي (شعر) (مع مجموع لطيف أنسي),,,
دار الكتب العلمية,1,المدائح النبوية,علي الحبشي,سمط الدرر في أخبار مولد خير البشر(مع مجموع لطيف أنسي),,,
دار الكتب العلمية,1,المدائح النبوية,عبد القادر الشاذلي اليشرطي,مولد النبي محمد ﷺ(مع مجموع لطيف أنسي),,,
دار الكتب العلمية,1,المدائح النبوية,محمد العزب,مولد العزب (مع مجموع لطيف أنسي),,,
دار الكتب العلمية,1,المدائح النبوية,مصطفى نجى,فرائد المواهب اللدنية في مولد خير البرية (مع مجموع لطيف أنسي),,,
دار الكتب العلمية,1,المدائح النبوية,خير الدين وائلي,مولد المصطفى ﷺ(مع مجموع لطيف أنسي),,,
دار الكتب العلمية,1,المدائح النبوية,كعب بن زهير رضي الله عنه,قصيدة بانت سعاد(مع مجموع لطيف أنسي),,,
دار الكتب العلمية,1,المدائح النبوية,بوصيري,قصيدة البردة (مع مجموع لطيف أنسي),,,
دار الكتب العلمية,1,المدائح النبوية,بوصيري,قصيدة الهمزية (مع مجموع لطيف أنسي),,,
دار الكتب العلمية,1,المدائح النبوية,بوصيري,قصيدة المضرية (مع مجموع لطيف أنسي),,,
دار الكتب العلمية,1,المدائح النبوية,بوصيري,قصيدة المحمدية (مع مجموع لطيف أنسي),,,
دار الكتب العلمية,1,المدائح النبوية,عبد الرحيم البرعي,قصيدة البرعية (مع مجموع لطيف أنسي),,,
دار الكتب العلمية,1,المدائح النبوية,عبد الرحيم البرعي,نهج البردة (مع مجموع لطيف أنسي),,,
دار الكتب العلمية,1,المدائح النبوية,محمد بن أبي بكر البغدادي,القصائد الوترية في مدح خير البرية (مع مجموع لطيف أنسي),,,
دار الكتب العلمية,1,المدائح النبوية,محمد الباقر الكتاني,روضات الجنات في مولد خاتم الرسالات (مع مجموع لطيف أنسي),,,
بدون عنوان,1,المدائح النبوية,ابن حجر الهيتمي,مختصر النعمة الكبرى ,,,
دار الصحابة للتراث,1,المدائح النبوية,ابن حجر الهيتمي,مولد النبي ﷺ = مختصر النعمة الكبرى (بتعليق الحويني) (مع مختصر النعمة الكبرى ),,,
بدون عنوان,1,المدائح النبوية,ابن حجر الهيتمي,مولد ابن حجر = مختصر النعمة الكبرى (بتعليق مرهف الهواس - طبعة قديمة) (مع مختصر النعمة الكبرى ),,,
بدون عنوان,1,المدائح النبوية,ابن حجر الهيتمي,مولد ابن حجر = مختصر النعمة الكبرى (بتعليق مرهف الهواس - طبعة معدلة) (مع مختصر النعمة الكبرى ),,,
بدون عنوان,1,المدائح النبوية,محمد أبوبكر باذيب,النعمة الكبرى بين الحقيقة والتزوير (مع مختصر النعمة الكبرى ),,,
دار الآفاق العربية,1,المدائح النبوية,عبد الرحمن الخياط,مولد النبي ﷺ (مع مختصر النعمة الكبرى ),,,
مكتبة الحقيقة,1,المدائح النبوية,ابن حجر الهيتمي,النعمة الكبرى التركية (المكذوبية) (مع مختصر النعمة الكبرى ),,,
اللجنة المحلية كدنغيم,1,المدائح النبوية,إبراهيم مسليار كدنغيم,حاشية تحفة المشتاقين على المولد المنقوص,,,
مجمع المركز للبحوث الاسلامية,1,المدائح النبوية,أبوبكر أحمد,العوائد الوجدية في شرح القصائد الوترية في مدح خير البريةﷺ,,,
دار الفكر,1,السيرة النبوية,محمد رضا,محمّد رسول الله ﷺ,,,
مكتبة الحقيقة,1,السيرة النبوية,يوسف النبهاني,الأنوار المحمدية من المواهب اللدنية,,,
دار البيروتي,1,المدائح النبوية,محمد يحيى الحلو,نهج البردة شرحا وإعرابا وبلاغة,,,
طبع في عصر المؤلف,1,المدائح النبوية,يوسف النبهاني,العقود اللؤلؤية في المدائح المحمدية - ديوان النبهاني,,,
كشيدة,1,المدائح النبوية,زكريا الأنصاري,الزبدة الرائقة شرح البردة الفائقة,,,
دار الرسالة,1,السيرة النبوية,إبراهيم الناجي,كنز الراغبين العفاة في الرمز إلى المولد المحمدي والوفاة,,,
دار البشائر الإسلامية,6,المدائح النبوية,عبد الملك الخركوشي,مناحل الشفا ومناهل الصفا بتحقيق كتاب شرف المصطفى,,,
مكتبة الغانم,1,المدائح النبوية,ابن علان,مورد الصفا في مولد المصطفى,,,
دار الكتب العلمية,2,المدائح النبوية,المفتي رضاء الحق,الدرة الفردة شرح قصيدة البردة,,,
دار الفكر,1,المدائح النبوية,ابن سيد الناس,منح المدح = شعراء الصحابة ممن مدح الرسول ﷺ أو رثاه,,,
دار الكتب العلمية,1,المدائح النبوية,أمير الشعراء أحمد الشوقي,نهج البردة ,,,
دار الكتب العلمية,1,المدائح النبوية,سليم البشري,وضح النهج شرح نهج البردة (مع نهج البردة ),,,
أبناء مولوي محمد بن غلام,1,التراجم والطبقات,محمد بن حسن الشبلنجي,نور الأبصار في مناقب آل بيت النبي المختارﷺ ,,,
المركز الإسلامي دار المعارف,1,السيرة النبوية,عبد الرحمن باوا المليباري,الأمثلة الرائعة من المعجزات الساطعة,,,
دار الميراث النبيوي,1,المدائح النبوية,محمد بن عبد العزيز الوراق,تخميس القصائد الوترية في مدح خير البرية سيدنا محمد ﷺ,,,
دار الفتح,1,التاريخ,محمد بن عبد الله آل رشيد,الإعلام بتصحيح كتاب الأعلام (زركلي),,,
نشرة المؤلف,1,التراجم والطبقات,عبد المجيد الثقافي,قطف العالم في مناقب قطب العالم,,,
منظمة مصباح السعداء,1,التراجم والطبقات,م،أ عبد القادر مسليار,مناقب بعض المختارين من أولياء الصحابة رضي الله عنهم,,,
المكتبة الإسلامية,1,التراجم والطبقات,هبة الله اللال كائي,كرامات الأولياء,,,
المكتبة الإسلامية,1,التراجم والطبقات,الحسن بن محمد الخلال,كرامات الأولياء,,,
دار الفكر,2,التراجم والطبقات,يوسف النبهاني,جامع كرامات الأولياء,,,
طبع في كلكتا,1,التراجم والطبقات,ابن حجر الهيتمي,غبطة الناظر في ترجمة الشيخ عبد القادر,,,
دار القلم,1,التراجم والطبقات,عبد الرزاق الكيلاني,الشيخ عبد القادر الجيلاني الإمام الزاهد القدوة,,,
المركز الإسلامي دار المعارف,1,التراجم والطبقات,عبد الرحمن باوا المليباري,قطب الأقطاب الشيخ عبد القادر الجيلاني رضي الله عنه,,,
مطبعة عبد الحميد أحمد حنفي,1,التراجم والطبقات,التادفي,قلائد الجواهر في مناقب تاج الأولياء عبد القادر ,,,
مطبعة عبد الحميد أحمد حنفي,1,التراجم والطبقات,جيلاني,فتوح الغيب (مع قلائد الجواهر ),,,
منظمة طلبة كلية الشريعة السعدية,1,التراجم والطبقات,عبد القادر القادري,صفوة الأولياء من خيار التابعين الأصفياء,,,
مجلس العلماء السعديين,1,التراجم والطبقات,عبد القادر القادري,مختصر مناقب الأقطاب الخمسة,,,
دار الياسمين,1,التراجم والطبقات,نورة بنت محمّد الشمري,زايد الرمز الإنساني الخالد,,,
أبناء مولوي محمد,1,التراجم والطبقات,السيوطي,الثغور الباسمة في مناقب سيدتنا فاطمة,,,
أشرفي بك دبو,1,الفلسفة,محمد عبد الله البلكرامي,التحفة العلية (مع الهدية السعدية),,,
أشرفي بك دبو,1,الفلسفة,قاضي مير الميبذي,شرح الميبذي لهداية الحكمة,,,
أشرفي بك دبو,1,الفلسفة,محمد عين القضاة,حاشية عين القضاة على شرح الميبذي لهداية الحكمة (مع شرح الميبذي),,,
المكتبة البدرية ,1,الفلسفة,أبو محمد باوا الويلتوري,تدارك الغواية بخلاصة الهداية مع شرحه تحريك الرغبة إلى الحكمة من الطلبة,,,
مصورة,1,الفلسفة,أبو محمد باوا الويلتوري,تدارك الغواية بخلاصة الهداية مع شرحه تحريك الرغبة إلى الحكمة من الطلبة,,,
دون عنوان,2,الفلسفة,السيد كمال الحيدري,دروس في الحكمة المتعالية شرح كتاب بداية الحكمة,191,,
شبكة الفكر,1,الفلسفة,محمد الطباطبائي,شرح بداية الحكمة,343,,
مكتبة الجامعة الإسلامية دار العلوم ديوبند,1,الفلسفة,سعيد أحمد البالنبوري,مبادئ الفلسفة,588,,
شبكة الفكر,1,الفلسفة,علي بن الحاج,محاضرات تمهيدية في الفلسفة,611,,
مؤسسة ابن العربي,1,الفلسفة,صدر الدين القونوي,رسائل,,,
مؤسسة ابن العربي,1,الفلسفة,نصير الدين الطوسي, وأجوبة (مع رسائل),,,
المكتبة المصري للمطبوعات,1,الفلسفة,محمود يوسف خضر,في حقائق الوجود,,,
مكتبة البشرى,1,الفلسفة,أثير الدين الأبهري,هداية الحكمة,,,
مكتبة البشرى,1,الفلسفة,محمد سعادة حسين,حاشية محمد سعادة حسين على هداية الحكمة (مع هداية الحكمة),,,
أشرفي بك دبو,1,الفلسفة,فضل الحق الخيرابادي,الهدية السعدية,,,
طبعة الهند,1,الفلسفة,صدر الدين الشيرازي,شرح هداية الحكمة = صدرة (مع الملخص الجغميني),,,
طبعة الهند,1,الفلسفة,أثير الدين الأبهري,شرح الميبذي لهداية الحكمة (مع شرح التهذيب),,,
دون عنوان,1,الفلك,عبد العزيز الثقافي,المنهج السديد إلى الفلك الجديد,,,
منظمة طلبة كلية الشريعة السعدية,1,الفلك,عبد الرحمن الفيضي,مدخل إلى علم الفلك,636,,
كتاب ناشرون,1,الفلك,خليل أحمد الكيرنوري,موسوعة الأفلاك والأوقات,717,,717 
(مصورة),1,الفلك,بهاء الدين العاملي,تشريح الأفلاك,,,
سي اج,1,الفلك,عبد الرحمن مسليار,مطالع النجوم ,,,
أروقة,1,الفلك,محمد الدوغان,الفلك رؤية أدبية في التراث الفلكي العربي,,,
طبعة الهند,1,الفلك,محمود الجغميني,الملخص الجغميني (مع شرح ملا حسن),,,
طبعة الهند,1,الفلك,قاضي زادة الرومي,شرح الملخص الجغميني (مع شرح ملا حسن),,,
طبعة الهند,1,الفلك,محمود الجغميني,الملخص الجغميني ,,,
طبعة الهند,1,الفلك,قاضي زادة الرومي,شرح الملخص الجغميني (مع الملخص الجغميني),,,
طبعة الهند,1,الفلك,عبد الحي اللكنوي,الإفادة الخطيرة في مبحث نسبة سبع شعيرة (مع شرح ملا حسن),,,
طبعة الهند,1,الفلك,بهاء الدين العاملي,تشريح الأفلاك (مع شرح ملا حسن),,,
طبعة الهند,1,الفلك,إمام الدين لطف الله اللاهوري,التصريح في شرح التشريح (مع شرح ملا حسن),,,
دار الإمام الرازي,1,المنطق,الخبيصي,التذهيب في شرح التهذيب مع حاشيتي العلامة ابن سعيد والشيخ حسن العطار,,,
دار الإمام الرازي,1,المنطق,محمد ابن عرفة الدسوقي,التجريد الشافي على تذهيب المنطق الكافي = حاشية ابن عرفة الدسوقي على التذهيب (مع التذهيب في شرح التهذيب),,,
دار الإمام الرازي,1,المنطق,حسن العطار,حاشية حسن العطار على التذهيب (مع التذهيب في شرح التهذيب),,,
إحياء التراث العربي,1,المنطق,عبد الله اليزدي,شرح التهذيب لليزدي = الحاشية على تهذيب المنطق للتفتازاني,,,
مكتبة البشرى,1,المنطق,محمد عماد الدين الشيركوتي,المرآة حاشية المرقاة (مع المرقاة),,,
مكتبة البشرى,1,المنطق,فضل إمام الخير آبادي,المرقاة ,,,
طبعة الهند,1,المنطق,فضل إمام الخير آبادي,المرقاة مع حاشية المرآت,,,
دار الظاهرية,1,المنطق,مجموعة من المؤلفين,المنطق المشجر,,,
انتشارات بيدار,1,المنطق,قطب الدين الرازي,تحرير القواعد المنطقية في شرح الرسالة الشمسية ,,,
جامعة الهند,1,المنطق,محمد ارتضى علي خان,تصريح المنطق مع الأنشطة التدريبية,,,
دار التصنيف للكتب الإسلامية,1,المنطق,إسماعيل أحمد نلكتي,تصريح المنطق مع الشروح وجديد المنطق,,,
سي اج,1,المنطق,ممتي مولوي الكودنجيري,حواشي تصريح المنطق (مع تصريح المنطق مع الشروح وجديد المنطق),,,
دار الإفتاء الأزهرية,1,المنطق,أحمد كويا الشالياتي,تفتيح المغلق في تصريح المنطق (مع تصريح المنطق مع الشروح وجديد المنطق),,,
دار الإفتاء الأزهرية,1,المنطق,أحمد كويا الشالياتي,تفتيح المغلق في تصريح المنطق,9,,
مصطفى الباني الحلبي,1,المنطق,الأنبابي,تقرير الأنبابي على حاشية الباجوري على متن السلم (مع حاشية الباجوري على متن السلم),58,,
المطبعة الأميرية,2,المنطق,,الممجموع المشتمل على شروح الشمسية وحواشيها,,,
المطبعة الأميرية,2,المنطق,قطب الدين الرازي ,شرح الرسالة الشمسية (مع الممجموع المشتمل على شروح الشمسية وحواشيها),,,
المطبعة الأميرية,2,المنطق,التفتازاني,شرح الرسالة الشمسية (مع الممجموع المشتمل على شروح الشمسية وحواشيها),,,
المطبعة الأميرية,2,المنطق,عبد الرحمن الشربيني,تقرير الشربيني على حاشية السيالكوتي (مع الممجموع المشتمل على شروح الشمسية وحواشيها),59,,
مصطفى الباني الحلبي,1,المنطق,حسين بن آدم,توضيح المرام ومسرح الأفهام شرح تنبيه الأنام في الصلاة على خير الأنام (مع حاشية الباجوري على متن السلم),79,,
مصطفى الباني الحلبي,1,المنطق,إبراهيم الباجوري,حاشية الباجوري على متن السلم في المنطق,111,,
مصطفى الباني الحلبي,1,المنطق,حسن العطار,حاشية العطار على التذهيب شرح التهذيب للخبيصي (مع حاشية الباجوري على متن السلم),,,
مصطفى الباني الحلبي,1,المنطق,محمد ابن سعيد,حاشية ابن سعيد على التذهيب شرح التهذيب للخبيصي (مع حاشية الباجوري على متن السلم),,,
المطبعة الأميرية,2,المنطق,السيالكوتي,حاشية على شرح الرسالة الشمسية (مع الممجموع المشتمل على شروح الشمسية وحواشيها),,,
المطبعة الأميرية,2,المنطق,جلال الدين الدواني,حاشية على شرح الرسالة الشمسية  (مع الممجموع المشتمل على شروح الشمسية وحواشيها),116,,
المطبعة الأميرية,2,المنطق,السيد الشرييف الجرجاني,حاشية السيد الشريف على شرح الرسالة الشمسية (مع الممجموع المشتمل على شروح الشمسية وحواشيها),126,,
المكتبة الأزهرية للتراث,1,المنطق,محمد عليش,حاشية محمد عليش على شرح شيخ الإسلام على إيساغوجي في علم المنطق,131,,
المطبعة الأميرية,2,المنطق,محمد ابن عرفة الدسوقي,حاشية شرح الرسالة الشمسية (مع الممجموع المشتمل على شروح الشمسية وحواشيها),136,,
المطبعة الأميرية,2,المنطق,عصام الدين,حاشية شرح الرسالة (مع الممجموع المشتمل على شروح الشمسية وحواشيها),144,,
انتشارات بيدار,1,المنطق,السيد الشريف الجرجاني ,حاشية السيد الشريف  على شرح الرسالة الشمسية المسمى (مع تحرير القواعد المنطقية) ,145,,
دار الكتب العلمية,1,المنطق,القطب الرازي  والصدر الشيرازي,رسالتان في التصور والتصديق,237,,
دار الكتب العلمية,1,المنطق,زاهد الهروي,شرح الرسالة المعمولية في التصور والتصديق (مع رسالتان في التصور والتصديق),,,
إقرأ للنشر والتوزيع,1,المنطق,التفتازاني,شرح الشمسية في المنطق للإمام الكاتبي,324,,
دار الضياء,1,المنطق,عبد العلي اللكهنوي,شرح بحر العلوم على سلم العلوم,342,,
دار الضياء,1,المنطق,محب الله البيحاري,سلم العلوم في المنطق (مع شرح بحر العلوم),,,
دار الكتب العلمية ,1,المنطق,حسام الدين الكاتي ,شرح متن الإيساغوجي في المنطق,361,,
كتب خانة رحيمية ديوبند,1,المنطق,الملا محمد مبين,مرآة الشروح شرح سلم العلوم = شرح ملا مبين,637,,
مؤسسة النعمان ,2,المنطق,علي كاشف الغطاء ,نقد الآراء المنطقية و حل مشكلاتها,749,,
مكتبة الأمان ويلتور,1,المنطق,محمد حسين النجار,ميزان العقول في علم المنطق,,,
إقرأ للنشر والتوزيع,1,المنطق,سعيد فودة,كفاية الساعي في فهم مقولات السجاعي,,,
إقرأ للنشر والتوزيع,1,المنطق,السجاعي,شرح بيتي المقولات (مع كفاية الساعي),,,
إقرأ للنشر والتوزيع,1,المنطق,زين المرصفي,حاشية شرح السجاعي لبيتي المقولات (مع كفاية الساعي),,,
إقرأ للنشر والتوزيع,1,المنطق,خليل أبي مرشد المالكي,شرح بيتي المقولات (مع كفاية الساعي),,,
وقف البحوث العثمانية,1,المنطق,سعيد النورسي,تعليقات على برهان الكلنبوي,,,
وقف البحوث العثمانية,1,المنطق,إسماعيل الكلنبوي,البرهان في المنطق (مع تعليقات على برهان),,,
لجنة الطلبة مظهر السنة,1,المنطق,محمد الأحسني الكودوري,التذهيب في حل شرح التهذيب,,,
طبعة الهند,1,المنطق,عبد الله اليزدي,شرح التهذيب,,,
طبعة الهند,1,المنطق,محمد سعد الله,شرح الضابطة (مع الملخص الجغميني),,,
طبعة الهند,1,المنطق,عبد الله اليزدي,شرح التهذيب = التحفة الشاهجهانية (مع الملخص الجغميني),,,
طبعة الهند,1,المنطق,محب الله البيحاري,سلم العلوم في المنطق مع شرح ملا حسن (مع شرح ملا حسن),,,
طبعة الهند,1,المنطق,محمد حسن اللكنوي,شرح ملا حسن لسلم العلوم,,,
طبعة الهند,1,المنطق,إسماعيل أحمد نلكتي,التقرير الحسن لشرح ملا حسن (مع شرح ملا حسن),,,
لجنة إحياء السنة,1,دليل المصنفات ومباد العلوم,عبد الله مسليار الألنلوري,إسفار الظلام عن أسفار الأعلام,,,
دون عنوان,1,دليل المصنفات ومباد العلوم,عبد السلام بن عمر الأحسني الثقافي,الجواهر الغالية في مبادي العلوم العالية,,,
مؤسسة آل البيت,2,دليل المصنفات ومباد العلوم,المجمع الملكي لبحوث الحضارات الإسلامية,الفهرس الشامل للتراث العربي الإسلامي المخطوط السيرة والمدائح النبوية,,,
إشاعة العلوم,1,علم الميقات,محمد كويا الأحسني,التوفيق بين التواريخ النبوية وتطبيق بين الملادية والهجرية إلى ألف وخمس مائة سنة ,,,
دار التصنيف للكتب الإسلامية,1,علم الميقات,إسماعيل أحمد نلكت,شرح الرسالة الماردينية والحسابية,,,
كلية بخاري عالم ,1,علم الميقات,ضياء الدين أحمد ,عمدة الأدلة  على وقوت الصلاة وسموت القبلة,413,,
دون عنوان,1,علم الميقات,بيران كتي الكيفتي,براهين الرسالة الحسابية الميقاتية,,,
madin academy (مصورة),1,علم الميقات,أحمد بن أحمد السجاعي,فتح العليم القادر بشرح لقط الجواهر في تحديد الخطوط والدوائر شرح مقدمة المارديني في علم الميقات,,,
(مصورة),1,علم الميقات,aboobacker kamil saqafi aqathi,waypoint,,,
طبعة مكة المكرمة,1,علم الميقات,محمد ياسين الفاداني,المختصر المهذب في معرفة التواريخ الثلاثة والأوقات والقبلة بالربع المجيب,,,
منشورات وزارة الثقافة,2,دليل المصنفات ومباد العلوم,القنوجي,أبجد العلوم = الوشي المرقوم في بيان أحوال العلوم,,,
دار الكتب العلمية,1,التفسير,الإمام الشافعي,أحكام القرآن,,,
دار الكتب العلمية,2,التفسير,إلكيا الهراسي,أحكام القرآن,,, 
دار الكتب العلمية,2,التفسير,الطحاوي,أحكام القرآن الكريم,,, 
دار ابن كثير,4,التفسير,ابن العربي المالكي (الفقيه),أحكام القرآن,,,
مكتبة الصفا,10,التفسير,محمد الأمين الشنقيطي,أضواء البيان في إيضاح القرآن بالقرآن,,,
دار الكتب العلمية,1,التفسير,محمد الأمين الشنقيطي,أضواء البيان في إيضاح القرآن بالقرآن,,,
وزارة الأوقاف قطر,2,التفسير,أبو بكر الجزائري,أيسر التفاسير لكلام العلي الكبير,,,
وزارة الأوقاف قطر,2,التفسير,أبو بكر الجزائري, نهر الخير على أيسر التفاسير (مع أيسر التفاسيرلكلام العلي الكبير),,,
مكتبة التوفيقية,3,التفسير,أبو بكر الجزائري,أيسر التفاسيرلكلام العلي الكبير,,,
مكتبة التوفيقية,3,التفسير,أبو بكر الجزائري, نهر الخير على أيسر التفاسير (مع أيسر التفاسيرلكلام العلي الكبير),,,
دار السلام,6,التفسير,سعيد حوّى,الأساس في التفسير,,,
الفاروق الحديثة ,3,التفسير,نجم الدين الطوفي الصرصري,الإشارات الإلهية إلى المباحث الأصولية,,,
دار الكتب العلمية,1,التفسير,نجم الدين الطوفي الصرصري,الإشارات الإلهية إلى المباحث الأصولية,,,
دار الكتب العلمية,7,التفسير,محمد عبد الحق الهندي الحنفي,الإكليل على مدارك التنزيل وحقائق التأويل = حاشية تفسير النسفي,,,
دار الكتب العلمية,8,التفسير,ابن عجيبة,البحر المديد في تفسير القرآن المجيد = تفسير ابن عجيبة,,,
دار الطحاوي,10,التفسير,ابن تيمية,البيان لتفسير آي القرآن,,,
وزارة الأوقاف قطر,7,التفسير,أحمد المهدوي,التحصيل لفوائد كتاب التفصيل الجامع لعلوم التنزيل (مختصر التفسير الكبير: التفصيل),,,
دار المعرفة,1,التفسير,البيضاوي,تفسير البيضاوي مع المصحف = أنوار التنزيل وأسرار التأويل,,,
دار الكتب العلمية,1,التفسير,ابن قيم الجوزية,التفسير القيم ,,,
المكتبة التوفيقية,16,التفسير,فخر الدين الرازي,التفسير الكبير= مفاتيح الغيب = تفسير الرازي,,,
دار الكتب العلمية,7,التفسير,محمد ثناء الله المظهري,التفسير المظهري,,,
دار الفكر المعاصر,17,التفسير,وهبة الزحيلي,التفسير المنير في العقيدة والشريعة والمنهج,,,
دار الكتب العلمية,1,التفسير,ملا جيون الحنفي ,التفسيرات الأحمدية في بيان الآيات الشرعية,,,
دار ابن حزم,4,التفسير,الكواشي,التلخيص في تفسير القرآن العزيز,,,
دار الكتب العلمية,3,التفسير,الثعالبي,الجواهر الحسان في تفسير القرآن,,,
دار الكتب العلمية,13,التفسير,الطنطاوي,الجواهر في تفسير القرآن الكريم = تفسير الطنطاوي,,,
دار الكتب العلمية,1,التفسير,السيد الشريف الجرجاني,حاشية الكشاف للجرجاني,,,
دار القلم,11,التفسير,السمين الحلبي,الدر المصون في علوم الكتاب المكنون,,,
دار الفكر,8,التفسير,السيوطي,الدر المنثور في التفسير بالمأثور,,,
دار الكتب العلمية,4,التفسير,محمد الخطيب الشربيني,السراج المنير= تفسير الخطيب الشربيني,,,
لجنة الطلبة أومج بوزا,1,التفسير,أبو محمد باوا الويلتوري,الفتوحات العربية في البسملة الكتابية,,,
المكتبة العصرية,1,التفسير,محمد علي الصابوني,درة التفاسير بهامش القرآن الكريم,,,
المكتبة العصرية,1,التفسير,محمد علي الصابوني,درة التفاسير بهامش القرآن الكريم نسخة أخرى,,,
دار ابن حزم,1,التفسير,الزمخشري,الكشاف = تفسير الزمخشري,,,
دار الكتب العلمية,6,التفسير,الثعلبي,الكشف والبيان في تفسير القرآن = تفسير الثعلبي,,,
دار الكتب العلمية,20,التفسير,ابن عادل الحنبلي,اللباب في علوم الكتاب ,,,
دار الكتب العلمية,6,التفسير,ابن عطية الأندلسي,المحرر الوجيز في تفسير الكتاب العزيز,,,
دارالكتب العلمية,1,التفسير,الملا علي القاري,المسألة في البسملة (مع مجموعة من رسائل الملا علي القاري) ,,,
وزارة الأوقاف قطر,1,التفسير,مجد بن أحمد مكي,المعين على تدبر الكتاب المبين,,,
دار الثقافة,1,التفسير,محمد عبد الله دراز,النبأ العظيم نظرات جديدة في القرآن,,,
دار الكتب العلمية,6,التفسير,الماوردي,النكت والعيون = تفسير الماوردي,,,
دار ابن الجوزي,1,التفسير,الواحدي,الوجيز في تفسير الكتاب العزيز,,,
المملكة العربية السعودية,24,التفسير,الواحدي,التفسير البسيط,,,
دار الكتب العلمية,4,التفسير, الواحدي,الوسيط في تفسير القرآن المجيد,,,
دار الفكر,3,التفسير,نصر الدين السمرقندي,تفسير السمرقندي = بحر العلوم,,,
مؤسسة الرسالة ناشرون,1,التفسير,عبد الله الدينوري,تأويل مشكل القرآن,,,
دار الكتب العلمية,10,التفسير,أبو منصور الماتريدي,تأويلات أهل السنة = تفسير الماتريدي,,,
دار الفكر,1,التفسير,محمد عثمان الميرغني ,تاج التفاسير وبهامشه القرآن بالرسم العثماني,,,
دار العاصمة,2 فقط,التفسير,سليمان اللاحم,تفسير آيات الأحكام في سورة النساء,,,
دار إحياء التراث العربي,"7,8,9 (2 مجلدة)",التفسير,أبو السعود القاضي محمد ,تفسير أبي السعود = إرشاد العقل السليم إلى مزايا الكتاب الكريم,,,
دار الفكر,7,التفسير,أبو السعود القاضي محمد ,تفسير أبي السعود = إرشاد العقل السليم إلى مزايا الكتاب الكريم,,,
دار ابن الجوزي,16,التفسير,ابن أبي حاتم الرازي,تفسير ابن أبي حاتم الرازي = تفسير القرآن العظيم مسندا عن الرسول ﷺ والصحابة والتابعين,,,
دار الكتب العلمية,5,التفسير,ابن برجان,تفسير ابن برجان = تنبيه الأفهام إلى تدبر الكتاب الحكيم وتعرف الآيات والنبأ العظيم,,,
دار الكتب العلمية,2,التفسير,الشيخ الأكبر ابن عربي,تفسير ابن عربي الصوفي,,,
دار الكتب العلمية,4,التفسير,ابن عرفة الورغمي,تفسير ابن عرفة,,,
دار اللباب,1,التفسير,ابن فورك,تفسير ابن فورك = تفسير القرآن العظيم,,,
دار الكتب العلمية,5,التفسير,الملا علي القاري,تفسير الملا علي القاري = أنوار القرآن وأسرار الفرقان,,,
دار الكتب العلمية,9,التفسير,أبو حيان الأندلسي,البحر المحيط = تفسير أبي حيان,,,
دار ابن حزم,12,التفسير,ابن عاشور,تفسير التحرير والتنوير ,,,
دار الكتب العلمية,1,التفسير,محمد سهل التستري,تفسير التستري,,,
دار الكتب العلمية,5,التفسير,علوان نعمة الله النخجواني,تفسير الجيلاني = الفواتح الإلهية والمفاتح الغيبية ,,,
دار الكتب العلمية,4,التفسير,الخازن,تفسير الخازن لباب التأويل في معاني التنزيل,,,
دار الفكر,"1,2,4",التفسير,الخازن,تفسير الخازن لباب التأويل في معاني التنزيل (نسخة قديمة),,,
دار ابن حزم,1,التفسير,عبد الرحمن السعدي,تفسير السعدي = تيسير الكريم الرحمن في تفسير كلام المنان,,,
دار الكتب العلمية,4,التفسير,السمعاني,تفسير السمعاني,,,
أخبار اليوم,20,التفسير,متولي الشعراوي,تفسير الشعراوي,,,
دار الكتب العلمية,2,التفسير,عز الدين بن عبد السلام,تفسير العز بن عبد السلام (التفسير الصغير),,,
دون عنوان,1,التفسير,محمد بن سليمان  الأشقر,تفسير العشر الأخير من القرآن الكريم (من كتاب زبد التفسير),,,
دار الفكر,10,التفسير,محمد جمال الدين القاسمي,تفسير القاسمي = محاسن التـأويل,,,
دار اللباب,12,التفسير,السيوطي,حاشية السيوطي على تفسير القاضي البيضاوي = نواهد الأبكار وشوارد الأفكار,,,
دارالكتب العلمية,1,التفسير,ابن كثير,تفسير القرآن العظيم,,,
دار ابن الجوزي,7,التفسير,ابن كثير,تفسير القرآن العظيم,,,
دار الفكر,11,التفسير,القرطبي,الجامع لأحكام القرآن = تفسير القرطبي,,,
دار الكتب العلمية,3,التفسير,القشيري,تفسير القشيري = لطائف الإشارات,,,
دار الكتب العلمية,1,التفسير,محمود الكرماني,تفسير الكرماني = غرائب التنزيل وعجائب التأويل = تفسير الصغير,,,
دار الكتب العلمية,10,التفسير,أحمد مصطفى المراغي ,تفسير المراغي,,,
المكتبة التوفيقية,12,التفسير,محمد رشيد رضا,تفسير المنار = تفسير القرآن الحكيم,,,
دار الفكر,"1,2,4",التفسير,النسفي,تفسير النسفي مع تفسير الخازن,,,
المكتبة العصرية,2,التفسير,النسفي,تفسير النسفي = مدراك التنزيل وحقائق التأويل,,,
دار الفكر,1,التفسير,وهبة الزحيلي,التفسير الوجيز ومعجم معاني القرآن العزيز,,,
دار المنهاج,33,التفسير,محمد الأمين الهرري,تفسير حدائق الروح والريحان في روابي علوم القرآن,,,
دار الفكر,10,التفسير,إسماعيل حقي البروسوي,روح البيان,,,
مكتبة التوبة,1,التفسير,نجم الدين الطوفي,تفسير سور ق - القيامة - النبأ - الانشقاق - الطارق,,,
دار الإعتصام,1,التفسير,عبد الرحمن البنّا,تفسير سورة الحجرات,,,
دار الكتب العلمية,3,التفسير,عبد الرزاق الصنعاني,تفسير عبد الرزاق,,, 
دار الكتب العلمية,6,التفسير,الحسن النيسابوري,تفسير غرائب القرآن ورغائب الفرقان,,,
المكتبة الشعبية,2,التفسير,الشيخ الأكبر ابن عربي,تفسير القرآن الكريم,,,
دار الكتب العلمية,1,التفسير,عبد الرحمن الجامي,تفسير ملا جامي,,,
دار الكتب العلمية,3,التفسير,روزبهان البقلي,تفسيرالبقلي = عرائس البيان في حقائق القرآن,,,
دار القلم,4,التفسير,محمد علي الصابوني,تنوير الأذهان من تفسير روح البيان = مختصر روح البيان,,,
بدون عنوان,4,التفسير,أنور عبد الله الفضفري,تنوير العينين بشرح تفسير الجلالين ,,,
دار التقوى,1,التفسير,مجد الدين الفيروزابادي,تنوير المقباس من تفسير ابن عباس رضي الله عنهما,,,
دار المنهاج,1,التفسير,محمد بخيط المطيعي,توفيق الرحمن  للتوفيق بين ما قاله علماء الهيئة وبين ما جاء في الأحاديث وآيات القرآن,,,
المركز الإسلامي دار المعارف,31,التفسير,عبد الرحمن باوا المليباري,تيسير الجلالين ,,,
دار الفكر,14,التفسير,ابن جرير الطبري,جامع البيان عن تأويل آي القرآن = تفسير الطبري,,,
دار الكتب العلمية,2,التفسير,الملا علي القاري,حاشية الجمالين للجلالين,,,
المكتبة الأشرفية ديوبند,8,التفسير,سليمان الجمل,حاشية الجمل على تفسير الجلالين = الفتوحات الإلهية,,,
دار الكتب العلمية,9,التفسير,شهاب الدين الخفاجي,حاشية الشهاب الخفاجي على تفسير البيضاوي = عناية القاضي وكفاية الراضي,,,
زكريا بوك دبود ديوبند,4,التفسير,أحمد الصاوي,حاشية الصاوي على تفسير الجلالين,,,
دار الكتب العلمية,3,التفسير,وجيه الدين العلوي أحمدابادي,حاشية العلوي على تفسير البيضاوي,,, 
دار الكتب العلمية,20,التفسير,عصام الدين إسماعيل القونوي,حاشية القونوي على تفسير البيضاوي,,,
دار الكتب العلمية,20,التفسير,مصلح الدين مصطفى الرومي,حاشية ابن التمجيد على تفسير البيضاوي (مع حاشية القونوي),,,
دار الكتب العلمية,8,التفسير,محيي الدين شيخ زاده,حاشية شيخ زاده على تفسير البيضاوي,,,
المكتبة الحقيقة,1,التفسير,محيي الدين شيخ زاده,حاشية شيخ زاده على تفسير البيضاوي,,,
دار المعارف,1,التفسير,عبد الرحمن باوا المليباري,تسهيل البيضاوي,,,
دار الفتح,2,التفسير,جمال محمود أبو حسان,دراسة نقدية على تفسير التحرير والتنوير لابن عاشور,,,
المكتبة العصرية,2,التفسير,محمد علي الصابوني,روائع البيان تفسير آيات الأحكام من القرآن,,,
المكتبة التوفيقية,14,التفسير,الآلوسي,روح المعاني في تفسير القرآن العظيم والسبع المثاني,,,
دار الكتب العلمية,4,التفسير,ابن الجوزي,زاد المسير في علم التفسير,,,
وزارة الأوقاف قطر,15,التفسير,ابن الجوزي,زاد المسير في علم التفسير,,,
كتاب ناشرون,1,التفسير,أحمد بن العياشي,شراب أهل الاختصاص من بحر البسملة بين الخواص,,,
المكتبة العصرية,3,التفسير,محمد علي الصابوني,صفوة التفاسير ,,,
دار ابن كثير,4,التفسير,فاضل صالح السامرائي,على طريق التفسير البياني,,,
دار اكتب العلمية,8,التفسير,أحمد نجم الدين الكبرى,التأويلات النجمية في التفسير الإشاري الصوفي,,,
دار اكتب العلمية,8,التفسير,أحمد بن محمد السمناني,عين الحياة تكملة التأويلات النجمية (مع التأويلات النجمية ),,,
دار ابن الجوزي,1,التفسير,زكريا الأنصاري,فتح الرحمن بكشف ما يلتبس في القرآن,,,
دار النوادر,7,التفسير,مجير الدين العليمي,فتح الرحمن في تفسير القرآن ,,,
دار الكتب العلمية,2,التفسير,الشوكاني,فتح القدير الجامع بين فني الرواية والدراية من علم التفسير,,,
دار الغد الجديد,2,التفسير,الشوكاني,فتح القدير الجامع بين فني الرواية والدراية من علم التفسير,,,
جائزة دبي الدولية,17,التفسير,الطيبي,فتوح الغيب في الكشف عن قناع الريب حاشية الطيبي على الكشاف,,,
المكتب المصري الحديث,1,التفسير,عبد الحميد كشك,في رحاب التفسير,,,
دار الأصول العلمية,6,التفسير,سيد قطب,في ظلال القرآن,,,
دار ابن الجوزي,1,التفسير,بدر الدين ابن جماعة,كشف المعاني في المتشابه من المثاني,,,
دار الكتب العلمية,1,التفسير,بدر الدين ابن جماعة,كشف المعاني في متشابه المثاني,,,
دارالفكر,1,التفسير,حسنين محمد مخلوف,كلمات القرآن تفسير وبيان ,,,
دار اللباب,10,التفسير,محمود الكرماني,لباب التفاسير = تفسير الكبير,,,
دار الهلال,10,التفسير,الفضل الطبرسي الشيعي,مجمع البيان في تفسير القرآن (التفسير الشيعي),,,
دار التقوى,1,التفسير,محمد بن صمادح التجيبي,مختصر الطبري,,,
دار التقوى,1,علوم القرآن,الواحدي النيسابوري,أسبات النزول (مع مختصر الطبري),,,
المكتبة العصرية,2،3,التفسير,محمد علي الصابوني,مختصر تفسير ابن كثير,,,
دار القرآن الكريم,2,التفسير,محمد علي الصابوني,مختصر تفسير ابن كثير,,,
اليمامة,1 فقط,التفسير,عبد الغني الدقر,مختصر تفسير الخازن,,,
دار ابن كثير,1,التفسير,فاضل صالح السامرائي,مراعاة المقام في التعبير القرآني,,,
دار الكتب العلمية,4,التفسير,البغوي,معالم التنزيل - تفسير البغوي,,,
دار الكتب العلمية,1,التفسير,الأخفش الأوسط,معاني القرآن ,,,
دار الشهاب,1,التفسير,حسن البنّا,مقاصد القرآن الكريم,,,
دار الكتب العلمية,8,التفسير, برهان الدين البقاعي,نظم الدرر في تناسب  الآيات والسور,,,
دار الفكر,2,التفسير,ابن جزي,كتاب التسهيل لعلوم التنزيل = تفسير ابن جزي,,,
دار الصادر,4,التفسير,أحمد السيواسي,عيون التفاسير للفضلاء السماسير,,,
مركز التفسير للدراسات القرآنية,10,التفسير,إسماعيل النيسابوري,الكفاية في التفسير ,,,
دار عمار,1,التفسير,صلاح عبد الفتاح الخالدي,إعجاز القرآن البياني ودلائل مصدره الرباني,,,
كتاب ناشرون,5,التفسير,حسام الدين علي البدليسي,تفسير البدليسي ,,,
دار الباب,7,التفسير,أبو نصر ابن القشيري ,التيسير في التفسير ,,,
دار ابن كثير,2,التفسير,محمد علي السايس ، عبد اللطيف السبكي ، محمد ابراهيم كرسون,تفسير آيات الأحكام,,,
المكتبة العصرية,1,التفسير,محمد علي الصابوني,التفسير الواضح الميسر ,,,
دار الكتب العلمية,1,التفسير,السيوطي,الإكليل في استنباط التنزيل,,,
دار الكتب العلمية,1,التفسير,مكي بن أبي طالب,مشكل إعراب القرآن,,,
دار ابن كثير,9,التفسير,محي الدين الدرويش,إعراب القرآن الكريم وبيانه,,,
الفاروق الحديثية,5,التفسير,ابن أبي زمنين,تفسير القرآن العزيز ,,,
دار العاصمة ,2,التفسير,ابن رجب الحنبلي,روائع التفسير = تفسير ابن رجب الحنبلي,,,
منشورات وزارات الأوقاف,2,التفسير,أبو العباس البسيلي التونسي,نكت وتنبيهات في تفسير القرآن المجيد,,,
منشورات وزارات الأوقاف,2,التفسير,ابن غازي العثماني المكناسي,تكملة النكت (مع نكت وتنبيهات في تفسير القرآن المجيد),,,
دار الغرب الإسلامي,2,التفسير,أحمد الغرناطي,ملاك التأويل القاطع بذوي الالحاد والتعطيل في توجيه المتشابه اللفظ من آي التنزيل,,,
بدون عنوان,1,التفسير,عبد العزيز الفرهاروي,السلسبيل في تفسير التنزيل ,,,
مطبعة عامرة الشرفية مصر,1,التفسير,ابن عبد الحق,شرح ابن عبد الحق على مقدمة شيخ الإسلام في الكلام على البسملة والحمدلة,,,
دار الكتب العلمية ,2,التفسير,أبو عبد الرحمن محمد السلمي ,تفسير السّلمي = حقائق التفسير ,,,
دار الكتب العلمية ,2,التفسير,حسن البصري ,تفسير الحسن البصري ,,,
دار الكتب العلمية ,2,التفسير,أبو محمد عبد الله بن محمد بن وهب ,تفسير ابن وهب (غلط الناشرين) = تفسير ابن عباس المسمى تنوير المقباس,,,
دار ابن حزم,1,التفسير,ابن خويز منداد ,تفسير ابن خويزم منداد ,,,
دار الزمان,6,التفسير,المنتجب الهمذاني,الكتاب الفريد في إعراب القرآن المجيد ,,,
دار البر,1,التفسير,أبو إسحاق إسماعيل الجحضمي,أحكام القرآن الكريم,,,
دار الحضارة,7,التفسير,أحمد الكوراني,غاية الأماني في تفسير كلام الرباني,,,
دار المعراج,12,التفسير,محمد الهلال,تفسيرالقرآن الثري الجامع في الإعجاز البياني واللغوي والعلمي,,,
الحكمة,2,التفسير,عبد القاهر الجرجاني,درج الدرر في تفسير الآي والسور,,,
دار الضياء,1,التفسير,محمد الديلمي,تفسير تصديق المعارف,,,
كنوز اشبيليا,1,التفسير,أحمد بن محمد الرازي الحنفي,مباحث التفسير ,,,
دار الفكر الإسلامي الحديثة,1,التفسير,مجاهد بن جبر,تفسير الإمام مجاهد بن جبر,,,
نشرة المؤلف طباعة لبنان,40,التفسير,محمد بن عبد الرحمن المغراوي,التدبر والبيان في تفسير القرآن بصحيح السنن,,,
دار القلم,8,التفسير,عبد الحميد محمود طهماز,التفسير الموضوعي لسور القرآن العظيم,,,
دار الفكر العربي,10,التفسير,محمد أبو زهرة,زهرة التفاسير,,,
دار إحياء,2,التفسير,أبو بكر الرازي الجصاص,أحكام القرآن,,,
دار ابن حزم,4,التفسير,عبد الحميد الحاكمي,تفسير الحاكمي = تخليص الدرر,,,
جامعة الشارقة,10,التفسير,نخبة من علماء التفسير,التفسير الموضوعي لسور القرآن العظيم,,,
جامعة الشارقة,13,التفسير,مكي بن أبي طالب القيسي,الهداية إلى بلوغ النهاية,,,
دار ابن الجوزي,9(1),التفسير,عز الدين عبد الرزاق الرسعني,رموز الكنوز في تفسير الكتاب العزيز,,,
دار الكتب العلمية,4,التفسير,السمين الحلبي,عمدة الحفاظ في تفسير أشرف الألفاظ معجم لغوي لألفاظ القرآن الكريم,,,
دار ابن حزم,2,التفسير,محمد بن الحسن المعيني,لوامع البرهان وقواطع البيان في معاني القرآن,,,
دار الجيل,6,التفسير,أبو حيان الأندلسي,النهر الماد من البحر المحيط,,,
دار الغرب الإسلامي,6,التفسير,محمد مكي الناصري,التيسير في أحاديث التفسير,,,
المطبعة العثمانية,2,التفسير,نعمة الله النخجواني,الفواتح الإلهية والمفاتح الغيبية,,,
مكتبة المعارف رياض,3,التفسير,برهان الدين البقاعي,مصاعد النظر للإشراف عى مقاصد السور,,,
مركز الملك فيصل للبحوث والدراسات الإسلامية,5,التفسير,أحمد الجبلي ابن الأحنفي اليمني,البستان في إعراب مشكلات القرآن,,,
مؤسسة الأعلمي,4,التفسير,محمد الجنابذي,بيان السعادة في مقامات العبادة (تفسير الشيعي),,,
دار الكتب العلمية,2,التفسير,محمد نوووي الجاوي,مراح لبيد لكشف معنى القرآن المجيد,,,
دار الفكر المعاصر,3,التفسير,وهبة الزحيلي,التفسير الوسيط,,,
دار الكتب العلمية,3,التفسير,السيوطي,معترك الأقران في إعجاز القرآن,,,
دار الكتب العلمية,1,التفسير, يحي بن سلام القيرواني,تفسير يحي بن سلام ,,,
دار الغرب الإسلامي,1,التفسير,محمود النيسابوري,إيجاز البيان عن معاني القرآن (التفسير الوجيز),,,
وزارة التعليم العالي بالممملكة العربية السعودية,2,التفسير,محمود النيسابوري,باهر البرهان في معاني مشكلات القرآن (التفسير الوسيط),,,
وزارة الشؤون الإسلامية بالمملكة العربية السعودية,3,التفسير,أبو داود سليمان بن نجاح,مختصر التبيين لهجاء التنزيل,,,
المكتب الاسلامي,1,التفسير,هبة الله المقري,الناسخ والمنسوخ من كتاب الله عزوجل,,,
دار المآثر,1,التفسير,ابن المنذر,كتاب تفسير القرآن,,,
مكتبة نزار مصطفى,1,التفسير,ابن عساكر,التكملة والإتمام لكتاب التعريف والأعلام فيما أبهم من القرآن,,,
دار المعرفة,1,التفسير ,فخر الدين الرازي,أسرار التنزيل وأنوار التأويل ( التفسير الصغير),,,
دار اللباب,15,التفسير ,عمر النسفي,التيسير في التفسير ,,,
حكومة دبي,4,التفسير ,عز الدين بن عبد السلام,تفسير القرآن العظيم (التفسير الكبير),,,
كتاب ناشرون,3,التفسير ,علاء الدين المهائمي,تفسير المهائمي = تبصرة الرحمن وتيسير المنان ببعض ما يشير إلى إعجاز القرآن,,, 
مكتبة السنة,1,التفسير ,محمد أبو شهبة,الإسرائيليات والموضوعات في كتب التفسير,,,
دون عنوان,1,التفسير ,نعيم دونر,حسام الدين علي البدليسي ومنهجه في تفسيره المسمى بجامع التنزيل والتأويل,,,
دار الكتب العلمية,4,التفسير ,محمد بن عبد الرحمن الإيجي,جامع البيان في تفسير القرآن,,,
دار الكتب العلمية,4,التفسير ,محمد عبد الله الغزنوي,حاشية محمد الغزنوي على جامع البيان في تفسير القرآن (مع جامع البيان),,,
دار المعارف,15,التفسير ,محمد سيد طنطاوي,التفسير الوسيط للقرآن الكريم,,,
المكتبة العصرية,15,التفسير ,أبو الطيب صديق القنوجي,فتح البيان في مقاصد القرآن,,,
جائزة دبي الدولة للقرآن الكريم,4,التفسير ,عبد الرحمن السهيلي,الروض الأنف والمشرع الرّوى في تفسير ما اشتمل عليه حديث السيرة واحتوى,,,
دار الكتب العلمية,2,التفسير ,محمود بن محمد الحمزاوي,در الأسرار في تفسير القرآن بالحروف المهملة,,,
دار ابن الجوزي,15,التفسير ,سليمان ابن إبراهيم,عون الرحمن في تفسير القرآن وبيان ما فيه من الهدايات والفوائد والأحكام,,,
جمعية الطلبة نبراس العلماء جامعة الزهراء,,التفسير ,السيد إسماعيل شهاب الدين,على هامش التفاسير تعليقات على تفسير الجلالين,,,
دار الفكر,1,التفسير ,وهبة الزحيلي,التفسير الوجيز على هامش القرآن العظيم,,,
مكتبة الإرشاد,,التفسير , ابن كمال باشا,تفسير ابن كمال باشا,,,
دار الأندلس,1,علوم القرآن,أبو عمرو الداني,التيسير في القراءات السبع (أصل الشاطبية),,,
دار التدمرية ,1,علوم القرآن,أبو عمرو الداني,المقنع في معرفة مرسوم مصاحف أهل الأمصار,,,
كلية الشريعة جامعة معتة,1,علوم القرآن,مرعي بن يوسف الكرمي,قلائد المرجان في الناسخ والمنسوخ من القرآن,,,
دار القلم,1,علوم القرآن,رمزي نعناعة,الإسرائيليات وأثرها في كتب التفسير,,,
 (مصورة),1,علوم القرآن,محمد حسين الذهبي,الإسرائيليات في التفسير والحديث (مع الإسرائيليات وأثرها في كتب التفسير),,,
عامر الإسلام ترورنغادي,1,علوم القرآن,كنجين بن مركار,النبراس لمن وقع في ظلمة الترقيق من وسواس الخناس,,,
دار الفرقان,1,علوم القرآن,ابن الجزري,تحبير التيسير في القراءات العشر,,,
دار الفكر,1,علوم القرآن,ابن الضريس,فضائل القرآن وما أنزل من القرآن بمكة وما أنزل بالمدينة,,,
المكتبة العصرية,1,علوم القرآن,مصطفى صادق الرافعي,إعجاز القرآن والبلاغة النبوية,,,
مؤسسة قرطبة,1,علوم القرآن,ابن الجزري,طيبة النشر في القراءات العشر,,,
دون عنوان,1,علوم القرآن,ابن الجزري,متن الدرة المضية في القراءات الثلاث,,,
المكتبة المكية,1,علوم القرآن,محمود خليل الحصري,أحكام قراءة القرآن الكريم,,,
دار ابن الجوزي,1 فقط,علوم القرآن,طاهر محمود,أسباب الخطأ في التفسير,,,
دار السلام,1,علوم القرآن,عبد الفتاح عبد الغني القاضي,أسباب النزول عن الصحابة والمفسرين,,,
المكتبة العصرية,1,علوم القرآن,السيوطي,أسرار ترتيب سور القرآن = تناسق الدرر في تناسب السور,,,
عالم الكتب,1,علوم القرآن,السيوطي,تناسق الدرر في تناسب السور = أسرار ترتيب سور القرآن,,,
دار العلوم فلاح دارين,1,علوم القرآن,شهاب الدين الدمياطي البناء,إتحاف فضلاء البشر في القراءات الأربعة عشر,,,
مكتبة المحمودية بمصر,1,علوم القرآن,حمزاوي,فتح الأقفال شرح متن تحفة الأطفال والغلمان في معرفة تجويد القرآن,,,
مطابع قطر الوطنية,1,علوم القرآن,إبراهيم بن عبد الله الأنصاري,إرشاد الحيران لمعرفة آي القرآن ,,,
مكتبة إشاعة الإسلام,1,علوم القرآن,القاضي أبوبكر الباقلاني,إعجاز القرآن (مع الإتقان للسيوطي),,,
بدون عنوان,1,علوم القرآن,محمّد صالح علي جان,الأخطاء الفادحة في تلاوة سورة الفاتحة,,,
مكتبة إشاعة الإسلام,1,علوم القرآن,السيوطي,الإتقان في علوم القرآن ,,,
دار ابن الجوزي,1 فقط,علوم القرآن,سليم بن عيد الهلالي ومحمّد بن آل نصر,الإستيعاب في بيان الأسباب,,,
الدار الدمشقية,1,علوم القرآن,عبد الدائم الكحيل,الإعجاز في القرآن الكريم,,,
دار الكتب العلمية,1,علوم القرآن,ابن الزبير الغرناطي,البرهان في ترتيب سور القرآن,,,
دار الكتب العلمية,4,علوم القرآن,بدر الدين الزركشي,البرهان في علوم القرآن,,,
مكتبة وهبية,3,علوم القرآن,محمد حسين الذهبي,التفسير والمفسرون,,,
وزارة الأوقاف قطر,1,علوم القرآن,مكي بن أبي طالب القيسي,الرعاية لتجويد القراءة وتحقيق لفظ التلاوة,,,
دار الكتب العلمية,1,علوم القرآن,شاه ولي الله الدهلوي,الفوز الكبير في أصول التفسير,,,
دار الكتب العلمية,1,علوم القرآن,أبو أمجد أحمد رضا الشامي,الكنز الوفير لطالب التفسير (مع الفوز الكبير),,,
دار الكتب العلمية,1,علوم القرآن,أحمد رضا البريلوي,الأنوار الرضوية في القواعد التفسيرية (مع الفوز الكبير),,,
مكتبة الجامعة البنورية,1,علوم القرآن,المخدوم محمّد هاشم التتوي السندي,اللؤلؤ المكنون في تحقيق مد السكون,,,
دار التقوى,1,علوم القرآن,ياسر محمد مرسي بيومي,المصحف المفهرس لمواضيع القرآن,,,
دار الحديث,1,علوم القرآن,محمد فؤاد عبد الباقي,المعجم المفهرس لألفاظ القرآن الكريم,,,
دار وقف أضواء الشاطبية,1,علوم القرآن,غانم قدوري,الميسر في علم رسم المصحف وضبطه,,,
المكتبة العصرية,1,علوم القرآن,أبو جعفر النحاس,الناسخ والمنسوخ ,,,
المكتبة العصرية,1,علوم القرآن,ابن العربي المالكي,الناسخ والمنسوخ,,,
المكتبة العصرية,1,علوم القرآن,ابن الجزري,النشر في القراءات العشر,,,
وزارة الأوقاف قطر,1,علوم القرآن,ياسين جاسم,الوقف والابتداء في القرآن الكريم,,,
رابطة العالم الإسلامي,1,علوم القرآن,عبد الله بن زبير,تفسير القرآن الكريم مصادره واتجاهاته,,,
مكتبة الأمين,1,علوم القرآن,القاري حسن مسليار,تيجان القاري وسراج المبتدي,,,
دار المنهاج,1,علوم القرآن,الغزالي,جواهر القرآن,,, 
دار ابن الجوزي,1,علوم القرآن,الخطيب الإسكافي محمد الأصبهاني,درة التنزيل وغرة التأويل,,,
وزارة الأوقاف قطر,1,علوم القرآن,يحيى عبد الرزاق,رشفات من رحيق البيان القرآني,,,
دار ابن حزم,2,علوم القرآن,السيوطي,التحبير في علم التفسير (مع شرح كتاب التحبير ),,,
دار ابن حزم,2,علوم القرآن,محمد بن موسى الشريف,شرح كتاب التحبير في علم التفسير,,,
جمعية القرآن الكريم جدّة,1,علوم القرآن,فتحى الخولي,قواعد الترتيل الميسّرة,,,
دار الكتب العلمية,1,علوم القرآن,عبد الله السجستاني,كتاب المصاحف,,,
دار القلم,1,علوم القرآن,مصطفى مسلم,مباحث في التفسير الموضوعي,,,
دار الكتب العلمية,1,علوم القرآن,السيوطي,مقدَّرات القرآن,,,
دار الفكر,1,علوم القرآن,علي السخاوي,هداية المرتاب و غاية الحفاظ والطلاب في تبيين متشابه الكتاب,,,
دار الكتب العلمية,2,علوم القرآن,محمد عبد العظيم الزرقاني,مناهل العرفان في علوم القرآن,,,
دار البشير,1,علوم القرآن,عبد الحميد هنداوي,الإعجاز الصوتي للقرآن الكريم,,,
حكومة دبي,1,علوم القرآن,إيمان محمد كاظم حبيب,الإعجاز العددي في الدراسات القرآنية المعاصرة,,,
دار البشير,1,علوم القرآن,رشاد محمد سالم,لطائف البيان في بدائع لغة القرآن ,,,
دار الغوثاني بالدراسات القرآنية,1,علوم القرآن,محمود الكرماني,خط المصاحف,,,
دار الصحابة طنطاء,1,علوم القرآن,علي محمد الضباع,سمير الطالبين في رسم وضبط الكتاب المبين,,,
دار البشير,2,علوم القرآن,عبد الحميد هنداوي,الإعجاز الحجاجي في القرآن الكريم ,,,
دار الغوثاني بالدراسات القرآنية,1,علوم القرآن,عثمان الداني,المحكم في علم نقط المصاحف,,,
دار البشير,1,علوم القرآن,عبد الحميد هنداوي,الإعجاز المعجمي في القرآن الكريم,,,
دار البشير,1,علوم القرآن,عبد الحميد هنداوي,الإعجاز البياني في القرآن الكريم,,,
دار البشير,1,علوم القرآن,عبد الحميد هنداوي,الإعجاز البلاغي للقرآن الكريم,,,
دار البشير,1,علوم القرآن,طاهر بن عرب,منهل العطشان في رسم أحرف القرآن,,,
دار الغوثاني بالدراسات القرآنية,1,علوم القرآن,ابن الجزري,البيان في خط مصحف عثمان رضي الله عنه,,,
مكتبة أهل الأثر,1,علوم القرآن,نجم الدين الطوسي الصرصري,الإكسير في قواعد التفسير,,,
مركز التفسير للدراسات القرآنية,7,علوم القرآن,بشير الحميري,معجم الرسم العثماني,,,
دار الكتب العلمية,1,علوم القرآن,ابن حجر العسقلاني,العجاب في بيان الأسباب (أسباب نزول القرآن),,,
دار الإمام الشاطبي,1,علوم القرآن,أحمد عيصى المعصراوي,الشامل في قراءات الأئمة العشرة الكوامل من طريقي الشاطية والدرة,,,
دار الإمام الشاطبي,1,علوم القرآن,أحمد عيصى المعصراوي,مصحف القراءات التعليمي بالترميز اللوني (مع الشامل في قراءات الأئمة العشرة),,,
دار ابن الجوزي,1,علوم القرآن,خالد بن سليمان المزيني,المحرر في أسباب نزول القرآن,,,
دار ابن الجوزي,2,علوم القرآن,سليم بن عيد الهلالي ومحمّد بن آل نصر,الإستيعاب في بيان الأسباب,,,
مكتبة المدينة (مصورة),1,علوم القرآن,أحمد رضا البريلوي,الأنوار الرضوية في القواعد التفسيرية مأخوذة من الزلال الأنقى من بحر سبقة الأتقى مع ترجمة أردية والتحقيق,,,
المكتبة العلامية,1,علوم القرآن,عبد الله اليافعي,الدر النظيم في خواص القرآن العظيم,,,
دار الفكر,1,علوم القرآن,الواحدي النيسابوري,أسباب النزول,,,
دار القلم,1,علوم القرآن,إبراهيم محمد العلي,صحيح أسباب النزول,,,
دار الفكر,1,علوم القرآن,وهبة الزحيلي,قواعد التجويد (مع التفسير الوجيز ومعجم معاني القرآن العزيز),,,
دار الفكر,1,علوم القرآن,محمح  بسام,المعجم المفهرس لمعاني القرآن العزيز,,,
دار الفكر,1,علوم القرآن,السيوطي,لباب النقول في أسباب النزول,,,
دار الكتب العلمية,1,علوم القرآن,ابن تيمية,مقدّمة في أصول التفسير,,,
وزارة الأوقاف قطر,1,علوم القرآن,صلاح عبد الفتاح الخالدي,القرآن ونقض مطاعن الرهبان,,,
المركز الإسلامي دار المعارف,1,علوم القرآن,عبد الرحمن باوا المليباري,نبذ من زبد القرآن,,,
المكتبة العصرية,1,علوم القرآن, النووي,التبيان في آداب حملة القرآن,,,
كشيدة للنشر والتوزيع,1,علوم عامة,السيوطي,إتمام الدراية لقرّاء النّقاية ,,,
كشيدة للنشر والتوزيع,1,علوم عامة,السيوطي,النّقاية  في أربعة عشر علما,,,
لجنة الطلبة أومج بوزا,1,شروح الحديث,أبو محمد باوا الويلتوري,الرزق الرعد بشرح أما بعد شرح انجاز الوعد بمسائل اما بعد (مع الفتوحات العربية في البسملة الكتابية),,,
لجنة الطلبة أومج بوزا,1,شروح الحديث,إسماعيل بن غنيم الجوهري,انجاز الوعد بمسائل اما بعد (مع الفتوحات العربية في البسملة الكتابية),,,